{"llvm/lib/Target/MSP430/MCTargetDesc":{"MSP430AsmBackend.cpp":{"r":[44,[2,1],54,[1],119,[1],135,[1],188,[1],212,[2,0,1],244,[1],301,[1],339,[2],359,[1],375,[1,1,0,0,0,1],385,[2],391,[3,0,0,0,2]],"f":1},"MSP430ELFObjectWriter.cpp":{"r":[44,[2,2],54,[1],84,[1,1],212,[1,0,1],385,[1],393,[1]],"f":1},"MSP430MCCodeEmitter.cpp":{"r":[44,[3,1],53,[1,1],215,[1],283,[1],301,[1],359,[1],391,[2]],"f":1},"MSP430MCTargetDesc.cpp":{"r":[0,[1],44,[2,1],54,[1],70,[1,1,0,0,0,2],106,[1],136,[1],196,[1],236,[3],274,[1],389,[1]],"f":1},"MSP430InstPrinter.cpp":{"r":[70,[1],104,[2],116,[1],274,[1],356,[1,0,0,1],380,[1],389,[1]],"f":1},"MSP430InstPrinter.h":{"r":[70,[1],104,[2],116,[2],150,[1],262,[1],274,[1],356,[2],380,[1]],"f":1},"MSP430ELFStreamer.cpp":{"r":[44,[2,1],54,[1],110,[2,0,1],195,[1],214,[1],231,[1],342,[1]],"f":1},"MSP430MCAsmInfo.cpp":{"r":[0,[1],54,[2,0,0,1],94,[1],118,[1],129,[1],274,[1,0,0,0,1]],"f":1},"MSP430MCAsmInfo.h":{"r":[0,[1],30,[1],54,[1],94,[1],274,[1]],"f":1},"MSP430MCTargetDesc.h":{"r":[0,[1],44,[2,1],54,[1],71,[1],215,[1],236,[3]],"f":1},"CMakeLists.txt":{"r":[0,[1],44,[2,1],70,[1],97,[1],144,[1]],"f":1},"LLVMBuild.txt":{"r":[0,[1],54,[1],70,[1],144,[1]],"d":1602261681000,"f":1},"MSP430FixupKinds.h":{"r":[44,[2,1],54,[1]],"f":1}},"clang/test/Driver/Inputs/basic_managarm_tree/usr/lib/gcc/riscv64-managarm-mlibc/10":{"crtbegin.o":{"r":[389,[3]],"f":1},"crtbeginS.o":{"r":[389,[3]],"f":1},"crtbeginT.o":{"r":[389,[3]],"f":1}},"lldb/unittests/UnwindAssembly/PPC64":{"CMakeLists.txt":{"r":[8,[1],111,[5],387,[1]],"f":1},"TestPPC64InstEmulation.cpp":{"r":[8,[1],54,[1],107,[2],351,[1],373,[1],379,[1]],"f":1}},"libc/utils/docgen/arpa":{"inet.yaml":{"r":[362,[1,0,0,0,1]],"f":1},"inet.json":{"r":[362,[2]],"d":1734038271000,"f":1}},"mlir/test/lib/Dialect/NVVM":{"CMakeLists.txt":{"r":[288,[1,1]],"d":1689610080000,"f":1},"TestLowerToNVVM.cpp":{"r":[288,[1,1]],"d":1689610080000,"f":1}},"llvm/test/Analysis/LegacyDivergenceAnalysis/NVPTX":{"diverge.ll":{"r":[34,[1],163,[1],214,[1],255,[1],275,[1]],"d":1681298925000,"f":1},"lit.local.cfg":{"r":[34,[1],275,[1]],"d":1681298925000,"f":1}},"llgo/third_party/gofrontend/libgo/go/image/testdata":{"video-001.221212.jpeg":{"r":[0,[1],110,[1]],"d":1581358057000,"f":1},"video-001.221212.png":{"r":[0,[1],110,[1]],"d":1581358057000,"f":1},"video-001.5bpp.gif":{"r":[0,[1],110,[1]],"d":1581358057000,"f":1},"video-001.cmyk.jpeg":{"r":[0,[1],110,[1]],"d":1581358057000,"f":1},"video-001.cmyk.png":{"r":[0,[1],110,[1]],"d":1581358057000,"f":1},"video-001.gif":{"r":[0,[1],110,[1]],"d":1581358057000,"f":1},"video-001.interlaced.gif":{"r":[0,[1],110,[1]],"d":1581358057000,"f":1},"video-001.jpeg":{"r":[0,[1],110,[1]],"d":1581358057000,"f":1},"video-001.png":{"r":[0,[1],110,[1]],"d":1581358057000,"f":1},"video-001.progressive.jpeg":{"r":[0,[1],110,[1]],"d":1581358057000,"f":1},"video-001.q50.410.jpeg":{"r":[0,[1],110,[1]],"d":1581358057000,"f":1},"video-001.q50.410.progressive.jpeg":{"r":[0,[1],110,[1]],"d":1581358057000,"f":1},"video-001.q50.411.jpeg":{"r":[0,[1],110,[1]],"d":1581358057000,"f":1},"video-001.q50.411.progressive.jpeg":{"r":[0,[1],110,[1]],"d":1581358057000,"f":1},"video-001.q50.420.jpeg":{"r":[0,[1],110,[1]],"d":1581358057000,"f":1},"video-001.q50.420.progressive.jpeg":{"r":[0,[1],110,[1]],"d":1581358057000,"f":1},"video-001.q50.422.jpeg":{"r":[0,[1],110,[1]],"d":1581358057000,"f":1},"video-001.q50.422.progressive.jpeg":{"r":[0,[1],110,[1]],"d":1581358057000,"f":1},"video-001.q50.440.jpeg":{"r":[0,[1],110,[1]],"d":1581358057000,"f":1},"video-001.q50.440.progressive.jpeg":{"r":[0,[1],110,[1]],"d":1581358057000,"f":1},"video-001.q50.444.jpeg":{"r":[0,[1],110,[1]],"d":1581358057000,"f":1},"video-001.q50.444.progressive.jpeg":{"r":[0,[1],110,[1]],"d":1581358057000,"f":1},"video-001.rgb.jpeg":{"r":[0,[1],110,[1]],"d":1581358057000,"f":1},"video-001.rgb.png":{"r":[0,[1],110,[1]],"d":1581358057000,"f":1},"video-001.separate.dc.progression.jpeg":{"r":[0,[1],110,[1]],"d":1581358057000,"f":1},"video-001.separate.dc.progression.progressive.jpeg":{"r":[0,[1],110,[1]],"d":1581358057000,"f":1},"video-005.gray.gif":{"r":[0,[1],110,[1]],"d":1581358057000,"f":1},"video-005.gray.jpeg":{"r":[0,[1],110,[1]],"d":1581358057000,"f":1},"video-005.gray.png":{"r":[0,[1],110,[1]],"d":1581358057000,"f":1},"video-005.gray.q50.2x2.jpeg":{"r":[0,[1],110,[1]],"d":1581358057000,"f":1},"video-005.gray.q50.2x2.progressive.jpeg":{"r":[0,[1],110,[1]],"d":1581358057000,"f":1},"video-005.gray.q50.jpeg":{"r":[0,[1],110,[1]],"d":1581358057000,"f":1},"video-005.gray.q50.progressive.jpeg":{"r":[0,[1],110,[1]],"d":1581358057000,"f":1}},"libcxx/test/std/experimental/string.view/string.view.io":{"stream_insert.pass.cpp":{"r":[0,[1],5,[1]],"d":1517874214000,"f":1}},"clang/test/Driver/Inputs/mips_mti_linux/lib/clang/3.8.0/mips-r2-hard-musl/lib":{"linux":{"r":[0,[1]]}},"clang/test/Modules/Inputs/libc-libcxx/sysroot/Frameworks/A.framework/Modules":{"module.modulemap":{"r":[0,[1]],"f":1}}}