{"python/perfetto/prebuilts/manifests":{"trace_processor_shell.py":{"r":[239,[1],244,[1,0,1,0,1],253,[1],265,[1,0,0,0,1],277,[1,1],283,[1,0,0,0,1],292,[1],301,[1],306,[2,0,0,1,1,0,0,0,1],322,[1],327,[1,0,0,0,1],336,[1],344,[1],353,[1,1],366,[1],380,[1],391,[2],402,[1],410,[1]],"f":1},"tracebox.py":{"r":[239,[1],244,[1,0,1,0,1],253,[1],265,[1,0,0,0,1],277,[1,1],283,[1,0,0,0,1],292,[1],301,[1],306,[2,0,0,1,1,0,0,0,1],322,[2],327,[1,0,0,0,1],336,[1],344,[1],353,[1,1],366,[1],380,[1],391,[2],402,[1],410,[1]],"f":1},"traceconv.py":{"r":[239,[1],244,[1,0,1,0,1],253,[1],265,[1,0,0,0,1],277,[1,1],283,[1,0,0,0,1],292,[1],301,[1],306,[2,0,0,1,1,0,0,0,1],322,[2],327,[1,0,0,0,1],336,[1],344,[1],353,[1,1],366,[1],380,[1],391,[2],402,[1],410,[1]],"f":1}},"src/traced/probes/ftrace/test/data/android_raven_AOSP.MASTER_5.10.43/events/kvm/kvm_arm_setup_debug":{"format":{"r":[217,[1]],"f":1}},"src/ftrace_reader/test/data/android_flounder_lte_LRX16F_3.10.40/events/mac80211/drv_cancel_remain_on_channel":{"format":{"r":[14,[1],22,[1]],"d":1528121869000,"f":1}},"src/ftrace_reader/test/data/android_seed_N2F62_3.10.49/events/rpm_smd":{"rpm_ack_recd":{"r":[0,[1],22,[1]],"d":1528121869000},"rpm_send_message":{"r":[0,[1],22,[1]],"d":1528121869000}},"src/ftrace_reader/test/data/android_walleye_OPM5.171019.017.A1_4.4.88/events/cfg80211/rdev_get_key":{"format":{"r":[14,[1],22,[1]],"d":1528121869000,"f":1}},"src/traced/probes/ftrace/test/data/android_flounder_lte_LRX16F_3.10.40/events/sched/sched_process_exit":{"format":{"r":[22,[1]],"f":1}},"src/traced/probes/ftrace/test/data/android_seed_N2F62_3.10.49/events/msm_vidc/msm_vidc_common_state_change":{"format":{"r":[22,[1]],"f":1}},"src/traced/probes/ftrace/test/data/android_walleye_OPM5.171019.017.A1_4.4.88/events/ftrace/wakeup":{"format":{"r":[22,[1]],"f":1}}}