{"src/traced/probes/ftrace/test/data/synthetic/events/dwc3/dwc3_gadget_ep_enable":{"format":{"r":[387,[1]],"f":1}},"src/traced/probes/ftrace/test/data/synthetic/events/mali/mali_PM_MCU_HCTL_SHADERS_PEND_OFF":{"format":{"r":[335,[1]],"f":1}},"src/ftrace_reader/test/data/android_flounder_lte_LRX16F_3.10.40/events/rmnet_data":{"__rmnet_deliver_skb":{"r":[14,[1],22,[1]],"d":1528121869000},"rmnet_egress_handler":{"r":[14,[1],22,[1]],"d":1528121869000},"rmnet_ingress_handler":{"r":[14,[1],22,[1]],"d":1528121869000},"rmnet_vnd_start_xmit":{"r":[14,[1],22,[1]],"d":1528121869000}},"src/ftrace_reader/test/data/android_seed_N2F62_3.10.49/events/mdss/mdp_cmd_wait_pingpong":{"format":{"r":[0,[1],22,[1]],"d":1528121869000,"f":1}},"src/ftrace_reader/test/data/android_walleye_OPM5.171019.017.A1_4.4.88/events/cfg80211/rdev_dump_mpath":{"format":{"r":[14,[1],22,[1]],"d":1528121869000,"f":1}},"src/ftrace_reader/test/data/android_walleye_OPM5.171019.017.A1_4.4.88/events/jbd2":{"jbd2_checkpoint":{"r":[14,[1],22,[1]],"d":1528121869000},"jbd2_checkpoint_stats":{"r":[14,[1],22,[1]],"d":1528121869000},"jbd2_commit_flushing":{"r":[14,[1],22,[1]],"d":1528121869000},"jbd2_commit_locking":{"r":[14,[1],22,[1]],"d":1528121869000},"jbd2_commit_logging":{"r":[14,[1],22,[1]],"d":1528121869000},"jbd2_drop_transaction":{"r":[14,[1],22,[1]],"d":1528121869000},"jbd2_end_commit":{"r":[14,[1],22,[1]],"d":1528121869000},"jbd2_handle_extend":{"r":[14,[1],22,[1]],"d":1528121869000},"jbd2_handle_start":{"r":[14,[1],22,[1]],"d":1528121869000},"jbd2_handle_stats":{"r":[14,[1],22,[1]],"d":1528121869000},"jbd2_lock_buffer_stall":{"r":[14,[1],22,[1]],"d":1528121869000},"jbd2_run_stats":{"r":[14,[1],22,[1]],"d":1528121869000},"jbd2_start_commit":{"r":[14,[1],22,[1]],"d":1528121869000},"jbd2_submit_inode_data":{"r":[14,[1],22,[1]],"d":1528121869000},"jbd2_update_log_tail":{"r":[14,[1],22,[1]],"d":1528121869000},"jbd2_write_superblock":{"r":[14,[1],22,[1]],"d":1528121869000}}}