{"ui/src/common/recordingV2/target_factories":{"android_websocket_target_factory.ts":{"r":[234,[1,0,1],244,[1,0,0,2],287,[1],306,[1],314,[1,0,1],324,[1],358,[1]],"d":1731496187000,"f":1},"android_websocket_target_factory_unittest.ts":{"r":[234,[1],324,[1],358,[1]],"d":1731496187000,"f":1},"android_webusb_target_factory.ts":{"r":[227,[1,0,0,1,1,0,2,0,0,1],245,[1,0,2],289,[1],306,[2],314,[1,0,1],324,[1],358,[1]],"d":1731496187000,"f":1},"chrome_target_factory.ts":{"r":[237,[1],247,[3,1],314,[1,0,1],324,[1],335,[1,0,0,0,1],358,[1]],"d":1731496187000,"f":1},"chrome_target_factory_unittest.ts":{"r":[237,[1],248,[1],324,[1],358,[1]],"d":1731496187000,"f":1},"host_os_target_factory.ts":{"r":[248,[1],316,[1],324,[1],335,[1,0,0,0,1],358,[1]],"d":1731496187000,"f":1},"index.ts":{"r":[227,[1],234,[1,0,0,1],247,[1,1],358,[1]],"d":1731496187000,"f":1},"virtual_target_factory.ts":{"r":[247,[1],316,[1],324,[1],358,[1]],"d":1731496187000,"f":1}},"src/traced/probes/ftrace/test/data/android_raven_AOSP.MASTER_5.10.43/events/power/dev_pm_qos_remove_request":{"format":{"r":[217,[1]],"f":1}},"src/ftrace_reader/test/data/android_flounder_lte_LRX16F_3.10.40/events/ftrace/context_switch":{"format":{"r":[14,[1],22,[1]],"d":1528121869000,"f":1}},"src/ftrace_reader/test/data/android_walleye_OPM5.171019.017.A1_4.4.88/events/ext4/ext4_evict_inode":{"format":{"r":[14,[1],22,[1]],"d":1528121869000,"f":1}},"src/ftrace_reader/test/data/android_walleye_OPM5.171019.017.A1_4.4.88/events/rmnet_data/rmnet_associate":{"format":{"r":[14,[1],22,[1]],"d":1528121869000,"f":1}}}