{"test/data/ui-screenshots/aggregation.test.ts/sched":{"cpu-by-process.png.sha256":{"r":[351,[2,1,0,1,0,1,0,0,0,1,1,0,7,0,2,0,3,0,0,1,1],376,[1,0,0,0,1,0,1,0,0,1,0,0,1,0,1,2],397,[1,3,1,2,1,2,0,1,0,0,1,1,1,0,2,2,2,1,1,0,0,2,4]],"f":1},"cpu-by-thread.png.sha256":{"r":[351,[2,1,0,1,0,1,0,0,0,1,1,0,7,0,2,0,3,0,0,1,1],376,[1,0,0,0,1,0,1,0,0,1,0,0,1,0,1,2],397,[1,3,1,3,1,2,0,1,0,0,1,1,1,0,2,2,2,1,1,0,0,2,4]],"f":1},"sort-by-occurrences.png.sha256":{"r":[351,[2,1,0,1,0,1,0,0,0,1,1,0,7,0,2,0,3,0,0,1,1],376,[1,0,0,0,1,0,1,0,0,1,0,0,1,0,1,2],397,[1,3,1,2,1,2,0,1,0,0,1,1,0,0,2,2,2,1,1,0,0,2,4]],"f":1},"sort-by-wall-duration-desc.png.sha256":{"r":[351,[2,1,0,1,0,1,0,0,0,1,1,0,7,0,2,0,3,0,0,1,1],376,[1,0,0,0,1,0,1,0,0,1,0,0,1,0,1,2],397,[1,3,1,2,1,2,0,1,0,0,1,1,0,0,3,2,2,1,2,0,0,2,4]],"f":1},"sort-by-wall-duration.png.sha256":{"r":[351,[2,1,0,1,0,1,0,0,0,1,1,0,7,0,2,0,3,0,0,1,1],376,[1,0,0,0,1,0,1,0,0,1,0,0,1,0,1,2],397,[1,3,1,2,1,2,0,1,0,0,1,1,0,0,3,2,2,1,2,0,0,2,4]],"f":1}},"src/traced/probes/ftrace/test/data/synthetic/events/clk/clk_set_rate":{"format":{"r":[42,[1]],"f":1}},"src/ftrace_reader/test/data/android_walleye_OPM5.171019.017.A1_4.4.88/events/udp":{"udp_fail_queue_rcv_skb":{"r":[14,[1],22,[1]],"d":1528121869000}},"src/traced/probes/ftrace/test/data/android_walleye_OPM5.171019.017.A1_4.4.88/events/cfg80211/rdev_add_tx_ts":{"format":{"r":[22,[1]],"f":1}}}