{"src/trace_processor/importers/fuchsia":{"fuchsia_parser_unittest.cc":{"r":[251,[1,0,0,0,1,1],267,[1],273,[2,1,0,0,1],318,[1,1,2,2],330,[1,1,0,0,1],342,[3],365,[1],370,[1],379,[1],387,[1,1,0,0,1,1,1,0,0,2,2,2,0,1,0,0,1],408,[1]],"f":1},"fuchsia_trace_tokenizer.cc":{"r":[93,[1],104,[1,1,0,0,1,0,1],118,[2,2],131,[1],157,[1],181,[1],201,[1,1],238,[1],246,[1],251,[2,0,0,0,2],267,[1],273,[1],330,[1,0,0,0,1],342,[1,0,1],362,[1,0,0,0,1,0,0,0,1],396,[1,0,2]],"f":1},"fuchsia_trace_parser.cc":{"r":[93,[1,0,1,1],101,[1,0,0,3,1,1],119,[2],148,[1,0,0,0,1],214,[1],224,[1],238,[1],245,[1],251,[1,1,0,0,1],264,[1,0,0,1],277,[1],330,[1],353,[1,0,2],360,[1,0,1,1],370,[1],379,[1],393,[1,0,0,1]],"f":1},"fuchsia_trace_parser.h":{"r":[93,[1],104,[1],172,[1],245,[1],251,[1],267,[1],330,[1],362,[1],370,[1],396,[1]],"f":1},"fuchsia_trace_tokenizer.h":{"r":[93,[1],109,[1,1],172,[2,0,0,0,1],201,[1],251,[2,0,0,0,1,1],267,[1],273,[1],330,[1],342,[1],347,[1],362,[1],396,[1]],"f":1},"fuchsia_record.h":{"r":[104,[1],109,[1],172,[1,0,0,0,1],201,[1],255,[1],370,[1]],"f":1},"BUILD.gn":{"r":[255,[1,1],347,[1],362,[1,0,0,1]],"f":1},"fuchsia_trace_utils.h":{"r":[93,[1,1],104,[1],109,[1],172,[1,0,0,0,1],201,[1],251,[1,0,0,0,1],277,[1],362,[1]],"f":1},"fuchsia_trace_utils.cc":{"r":[93,[1,1],104,[1],251,[1,0,0,0,1],264,[1],277,[1]],"f":1},"fuchsia_record.cc":{"r":[104,[1],255,[1]],"f":1},"fuchsia_provider_view.cc":{"r":[93,[1],104,[1]],"d":1578057646000,"f":1},"fuchsia_provider_view.h":{"r":[93,[1],104,[1]],"d":1578057646000,"f":1},"fuchsia_trace_utils_unittest.cc":{"r":[93,[1]],"f":1}},"src/traced/probes/ftrace/test/data/android_walleye_OPM5.171019.017.A1_4.4.88/events/kmem/ion_alloc_buffer_end":{"format":{"r":[22,[1]],"f":1}},"src/traced/probes/ftrace/test/data/android_walleye_OPM5.171019.017.A1_4.4.88/events/sched/sched_process_fork":{"format":{"r":[22,[1]],"f":1}}}