{"test/data/ui-screenshots/table_viewer.test.ts/Go-to-thread-state":{"current-selection.png.sha256":{"r":[371,[2,0,1,0,0,1,0,0,0,1,0,1,0,0,1,0,1,0,0,1,1],398,[2,0,1,1,0,0,1,0,0,0,1,1,0,1,2,2],418,[2]],"f":1},"filtered.png.sha256":{"r":[371,[3],376,[1,0,0,1,1,0,1,0,0,1,0,0,1,0,1,1],397,[1,3,1,1,1,0,0,2,0,0,2,1,1,0,0,2,2,0,1,0,0,2]],"f":1},"go-to.png.sha256":{"r":[371,[3],376,[1,0,0,1,1,0,1,0,0,1,0,1,0,0,1,1],397,[1,2,1,1,1,0,0,2,0,0,2,1,1,0,1,3,3,0,1,0,0,2]],"f":1},"open-table.png.sha256":{"r":[371,[3,1,0,0,0,1,0,0,1,1,0,1,0,0,1,0,0,1,0,1,1],397,[1,3,1,1,1,0,0,1,0,0,2,1,1,0,0,2,2,0,1,0,0,2]],"f":1},"sorted.png.sha256":{"r":[371,[3],376,[1,0,0,1,1,0,1,0,0,1,0,0,1,0,1,1],397,[1,3,1,1,1,0,0,1,0,0,2,1,1,0,0,2,2,0,1,0,0,2]],"f":1}},"protos/perfetto/config/profiling":{"perf_event_config.proto":{"r":[98,[1],107,[1,0,0,2,0,0,1,2],119,[1],135,[1,0,0,0,1],150,[1,0,0,0,1],160,[1,1,0,3,0,0,2,0,0,1,0,0,0,1],182,[1],222,[1],227,[1],238,[1],346,[1],357,[1],375,[1],397,[1]],"f":1},"heapprofd_config.proto":{"r":[44,[1,2,0,0,1],61,[1,0,0,1,1,1,1,0,2,1,0,1],80,[2],95,[1,0,1],107,[1],117,[2,0,1,4],129,[2],134,[1],142,[1],147,[1,0,1],158,[1],173,[1,0,1],205,[1],273,[1]],"f":1},"java_hprof_config.proto":{"r":[88,[1],95,[1],107,[1],117,[2],142,[1],173,[1],203,[1],222,[1]],"f":1},"BUILD.gn":{"r":[85,[1,1,0,1],98,[1],166,[1]],"f":1}},"src/ftrace_reader/test/data/android_seed_N2F62_3.10.49/events/jbd2/jbd2_end_commit":{"format":{"r":[0,[1],22,[1]],"d":1528121869000,"f":1}},"src/traced/probes/ftrace/test/data/android_hammerhead_MRA59G_3.4.0/events/asoc/snd_soc_preg_write":{"format":{"r":[22,[1]],"f":1}},"src/traced/probes/ftrace/test/data/android_hammerhead_MRA59G_3.4.0/events/gpio/gpio_direction":{"format":{"r":[22,[1]],"f":1}},"src/traced/probes/ftrace/test/data/android_walleye_OPM5.171019.017.A1_4.4.88/events/cfg80211/rdev_set_mac_acl":{"format":{"r":[22,[1]],"f":1}},"src/traced/probes/ftrace/test/data/android_walleye_OPM5.171019.017.A1_4.4.88/events/cpufreq_interactive/cpufreq_interactive_unboost":{"format":{"r":[22,[1]],"f":1}},"src/traced/probes/ftrace/test/data/android_walleye_OPM5.171019.017.A1_4.4.88/events/sock/sock_exceed_buf_limit":{"format":{"r":[22,[1]],"f":1}}}