{"src/ftrace_reader/test/data/android_walleye_OPM5.171019.017.A1_4.4.88/events/ufs/ufshcd_system_resume":{"format":{"r":[14,[1],22,[1]],"d":1528121869000,"f":1}},"src/ftrace_reader/test/data/android_walleye_OPM5.171019.017.A1_4.4.88/events/v4l2":{"v4l2_dqbuf":{"r":[14,[1],22,[1]],"d":1528121869000},"v4l2_qbuf":{"r":[14,[1],22,[1]],"d":1528121869000},"vb2_v4l2_buf_done":{"r":[14,[1],22,[1]],"d":1528121869000},"vb2_v4l2_buf_queue":{"r":[14,[1],22,[1]],"d":1528121869000},"vb2_v4l2_dqbuf":{"r":[14,[1],22,[1]],"d":1528121869000},"vb2_v4l2_qbuf":{"r":[14,[1],22,[1]],"d":1528121869000}}}