{"ui/src/tracks/cpu_freq":{"index.ts":{"r":[186,[1],233,[1,0,2],279,[1,0,1],287,[1,1],294,[1,0,1,0,0,1,2,0,0,2,1,0,0,0,1,2,2,0,0,0,3,0,1,1],324,[2,0,0,1,0,1,1,1]],"d":1715192390000,"f":1},"common.ts":{"r":[54,[1,1],61,[1],71,[1],97,[1],129,[1,0,0,0,1],235,[1]],"d":1657050258000,"f":1},"controller.ts":{"r":[54,[1,1,0,1,0,0,1,1],71,[1],81,[1,2,1],97,[1],114,[1],129,[2,2,0,0,2,2,0,0,1],177,[1,0,0,1],189,[1],230,[1],235,[1]],"d":1657050258000,"f":1},"frontend.ts":{"r":[54,[1,1,3,0,0,1,0,1],71,[1],81,[1,0,0,0,2],95,[1],105,[1],110,[1],129,[1,0,0,0,1,1,1],140,[1],184,[3,0,1],194,[1],203,[1],230,[1],235,[1]],"d":1657050258000,"f":1}},"python/generators/stdlib_docs":{"extractor.py":{"r":[281,[1,0,0,0,1],293,[1]],"d":1692179781000,"f":1},"parse.py":{"r":[261,[1,0,0,1],277,[1,0,0,0,1,0,0,0,1],290,[1,0,0,1]],"d":1692179781000,"f":1},"utils.py":{"r":[261,[1,0,0,1],281,[1,0,0,0,1,1,0,0,0,1,0,0,1]],"d":1692179781000,"f":1},"types.py":{"r":[281,[1,0,0,0,1]],"d":1687191069000,"f":1},"stdlib.py":{"r":[261,[1,2,0,1],281,[1]],"d":1684801469000,"f":1},"validate.py":{"r":[261,[1,0,0,1],281,[1]],"d":1684801469000,"f":1}},"src/traced/probes/ftrace/test/data/android_raven_AOSP.MASTER_5.10.43/events/gadget/usb_gadget_activate":{"format":{"r":[217,[1]],"f":1}},"src/ftrace_reader/test/data/android_flounder_lte_LRX16F_3.10.40/events/ext4/ext4_da_write_pages":{"format":{"r":[14,[1],22,[1]],"d":1528121869000,"f":1}},"src/ftrace_reader/test/data/android_seed_N2F62_3.10.49/events/kmem/migrate_pages_start":{"format":{"r":[0,[1],22,[1]],"d":1528121869000,"f":1}},"src/ftrace_reader/test/data/android_walleye_OPM5.171019.017.A1_4.4.88/events/power/perf_cl_peak_exit_timer_start":{"format":{"r":[14,[1],22,[1]],"d":1528121869000,"f":1}},"src/traced/probes/ftrace/test/data/android_walleye_OPM5.171019.017.A1_4.4.88/events/sched/sched_process_exec":{"format":{"r":[22,[1]],"f":1}}}