{"test/data/ui-screenshots/aggregation.test.ts":{"frametimeline":{"r":[351,[2,1,1,2,0,1],361,[1,0,7,0,2,0,3,1,0,1,1],376,[1,0,0,0,1,0,1,0,0,1,0,1,0,0,1,2],397,[1,2,1,1,1,4,0,1,0,0,2,1,0,1,1,2,3,1,1,0,0,2,2]]},"gpu-counter":{"r":[351,[2,1,0,1,0,1,0,0,0,1,1,0,7,0,2,0,3,0,0,1,1],376,[1,0,0,0,1,0,1,0,0,1,0,0,1,0,1,2],397,[1,3,1,1,1,0,0,1,0,0,1,1,0,0,1,2,2,1,0,0,0,2,1]]},"sched":{"r":[351,[2,1,0,1,0,1,0,0,0,1,1,0,7,0,2,0,3,0,0,1,1],376,[1,0,0,0,1,0,1,0,0,1,0,0,1,0,1,2],397,[1,3,1,3,1,2,0,1,0,0,1,1,1,0,3,2,2,1,2,0,0,2,4]]},"slices":{"r":[351,[2,0,1,0,0,1],361,[1,0,6,0,0,0,3,0,0,2,1],376,[1,0,0,0,1,0,1,0,0,1,1,0,0,0,1,2],398,[2,1,1,1,0,0,1,0,0,1,1,0,0,1,2,2,1,1,0,0,2,2]]}},"src/traced/probes/ftrace/test/data/android_flounder_lte_LRX16F_3.10.40/events/cfg80211/rdev_assoc":{"format":{"r":[22,[1]],"f":1}},"src/traced/probes/ftrace/test/data/android_walleye_OPM5.171019.017.A1_4.4.88/events/ext4/ext4_journalled_invalidatepage":{"format":{"r":[22,[1]],"f":1}},"src/traced/probes/ftrace/test/data/android_walleye_OPM5.171019.017.A1_4.4.88/events/jbd2/jbd2_end_commit":{"format":{"r":[22,[1]],"f":1}}}