{"src/traced":{"probes":{"r":[0,[1,4,2,5,4,3,2,3,8,8,13,10,22,8,4,0,3,1,1,1,0,0,2,0,2],29,[1,3,1,0,2,0,2,1,3,3,4,3,1,6,3,2,4,5,4,3,8,2,0,1,4,1,2,3,0,0,0,1,1,1,0,3,2,2,0,2,1,2,6,1,6,8,1,1,2,1,1,0,3,2,2,2,3,4,0,2,3,1,3,0,2,1,0,5,3,3,1,5,3,0,1,0,1,2,3,2,1,1,8,3,2,1,0,2,2,3,1,2,2,0,1,1,1,1,1,1,2,2,1,1,2,1,4,1,2,0,0,1,1,2,0,2,1,2,2,0,2,5,1,1,3,0,2,2,3,1,0,3,2,2,1,2,0,1,4,0,0,1,1,4,5,0,0,1,2,0,0,4,1,1,1,0,0,1,0,0,1,0,0,0,1,0,0,1,4,2,2,2,3,3,1,2,1,1,0,0,1,0,0,2,1,2,1,5,2,2,2,2,3,2,2,0,3,0,3,2,1,1,1,2,1,3,5,2,0,5,2,1,0,2,2,1,2,0,4,5,1,3,0,3,2,0,2,3,5,6,1,0,1,0,3,1,3,0,3,1,3,1,2,3,4,5,1,1,2,0,3,1,0,2,0,3,1],292,[2,0,1,0,0,0,1,0,0,1,0,0,0,1,1,0,1,2,0,1,0,0,0,5,0,1,1,0,2,4,3,0,4,0,1,6,1,2,2,1,2,0,3,2,1,1,0,1,1,0,1,2,0,1,2,1,1,2,1,0,0,1,1,0,2,3,2,1,3,0,0,2,0,0,0,2,1,0,1,2,0,0,1,0,2,3,3,5,3,0,1,2,3,3,1,2,1,1,2,1,1,3,2,4,1,2,1,0,3,3,2,0,3,3,0,0,2,4,2,3,1,0,2,1,0,0,3,2,0,1]]},"service":{"r":[0,[1,1,1],9,[1,0,0,0,1,1],52,[1],62,[1,2,1],71,[1,0,2,2,0,0,1],82,[2,0,0,1,1,0,1,0,1],99,[1,2],108,[2,0,0,1],116,[1],148,[1,2,1,0,1,0,0,0,1,2,1],172,[1,0,0,0,2],195,[1,1,0,1,1,0,1],210,[2,0,0,0,1],234,[1,0,0,1],267,[1],274,[1,1,1,0,1],283,[1,0,0,1],293,[1,1,0,0,1,1],308,[1],315,[1,0,1,1,0,1],331,[1,0,0,1],360,[1],367,[4,0,0,1],380,[1],402,[1],414,[1]]},"perfetto_cmd":{"r":[1,[5,7,1,5,1,2,4,1]],"d":1519833836000},"BUILD.gn":{"r":[0,[1,1]],"d":1515428380000,"f":1},"traced.cc":{"r":[0,[1,1]],"d":1515428380000,"f":1}},"src/ftrace_reader/test/data/android_flounder_lte_LRX16F_3.10.40/events/cfg80211/rdev_change_mpath":{"format":{"r":[14,[1],22,[1]],"d":1528121869000,"f":1}},"src/ftrace_reader/test/data/android_flounder_lte_LRX16F_3.10.40/events/writeback/writeback_dirty_inode":{"format":{"r":[14,[1],22,[1]],"d":1528121869000,"f":1}},"src/ftrace_reader/test/data/android_seed_N2F62_3.10.49/events/ext4/ext4_unlink_enter":{"format":{"r":[0,[1],22,[1]],"d":1528121869000,"f":1}},"src/traced/probes/ftrace/test/data/android_flounder_lte_LRX16F_3.10.40/events/nvmap/nvmap_duplicate_handle":{"format":{"r":[22,[1]],"f":1}},"src/traced/probes/ftrace/test/data/android_walleye_OPM5.171019.017.A1_4.4.88/events/kgsl/kgsl_mmu_pagefault":{"format":{"r":[22,[1]],"f":1}},"src/traced/probes/ftrace/test/data/android_walleye_OPM5.171019.017.A1_4.4.88/events/msm_bus/bus_update_request":{"format":{"r":[22,[1]],"f":1}}}