{"src/trace_processor/perfetto_sql/intrinsics":{"functions":{"r":[285,[5,4,2,0,1,0,0,0,1,0,1,1,0,1],303,[2],311,[1,0,1],318,[1,2,0,0,0,1,2,4,2,2,0,1,2,1,0,0,1,1,1,5,6,2,3,2,3,0,1],349,[2],354,[1,0,1],363,[1,0,1,3,0,0,1,0,0,1,0,2,2,0,1,1],384,[1,0,1,1,0,3,0,0,2,1,3,1,0,1,0,0,1,0,5,2,2,0,1,1,1,1,1,0,0,0,1,0,0,0,1,0,2,3]]},"table_functions":{"r":[285,[1,0,0,0,1,0,1],300,[1,0,0,1],313,[2,0,0,3,3,5,2,2,1,0,2,1,2,1,1,0,1,1,1,0,0,1,0,0,0,1],344,[3],355,[1],363,[1,1,3,0,2],378,[1,1,0,0,0,1,0,0,1,0,0,7,3,0,1,1,1,0,0,1],405,[1],411,[2],420,[1,1]]},"operators":{"r":[285,[1,0,0,2,1],300,[1,0,0,1],309,[1],324,[1,3,1,2,0,2,1,1,0,2,0,1,1,0,1,1,0,2,2,0,0,1,0,0,0,1],361,[2,6,1],368,[1,1,1,1],378,[1,4,0,0,0,1,0,1,0,0,0,1,0,1],397,[2,2,1],418,[1]]},"types":{"r":[337,[3,5,1,1,0,1],349,[1],394,[1,1],402,[1],409,[1]]}},"test/data/ui-screenshots/independent_features.test.ts/trace-error-notification":{"error-icon.png.sha256":{"r":[352,[1],367,[1,0,0,1],396,[1],409,[1,0,0,0,1]],"f":1}},"src/traced/probes/ftrace/test/data/synthetic/events/samsung":{"tracing_mark_write":{"r":[292,[1]]}},"src/ftrace_reader/test/data/android_hammerhead_MRA59G_3.4.0/events/block/block_rq_complete":{"format":{"r":[0,[1],22,[1]],"d":1528121869000,"f":1}},"src/ftrace_reader/test/data/android_seed_N2F62_3.10.49/events/block/block_rq_remap":{"format":{"r":[0,[1],22,[1]],"d":1528121869000,"f":1}},"src/ftrace_reader/test/data/android_seed_N2F62_3.10.49/events/ext4/ext4_mballoc_prealloc":{"format":{"r":[0,[1],22,[1]],"d":1528121869000,"f":1}},"src/ftrace_reader/test/data/android_walleye_OPM5.171019.017.A1_4.4.88/events/thermal/cdev_update":{"format":{"r":[14,[1],22,[1]],"d":1528121869000,"f":1}},"src/traced/probes/ftrace/test/data/android_seed_N2F62_3.10.49/events/ext4/ext4_punch_hole":{"format":{"r":[22,[1]],"f":1}},"src/traced/probes/ftrace/test/data/android_walleye_OPM5.171019.017.A1_4.4.88/events/rmnet_data/rmnet_unregister_cb_entry":{"format":{"r":[22,[1]],"f":1}}}