{"src/ftrace_reader/test/data/android_flounder_lte_LRX16F_3.10.40/events/mac80211/drv_config":{"format":{"r":[14,[1],22,[1]],"d":1528121869000,"f":1}},"src/ftrace_reader/test/data/android_seed_N2F62_3.10.49/events/cfg80211/cfg80211_ibss_joined":{"format":{"r":[0,[1],22,[1]],"d":1528121869000,"f":1}},"src/ftrace_reader/test/data/android_walleye_OPM5.171019.017.A1_4.4.88/events/asoc":{"snd_soc_bias_level_done":{"r":[14,[1],22,[1]],"d":1528121869000},"snd_soc_bias_level_start":{"r":[14,[1],22,[1]],"d":1528121869000},"snd_soc_dapm_connected":{"r":[14,[1],22,[1]],"d":1528121869000},"snd_soc_dapm_done":{"r":[14,[1],22,[1]],"d":1528121869000},"snd_soc_dapm_path":{"r":[14,[1],22,[1]],"d":1528121869000},"snd_soc_dapm_start":{"r":[14,[1],22,[1]],"d":1528121869000},"snd_soc_dapm_walk_done":{"r":[14,[1],22,[1]],"d":1528121869000},"snd_soc_dapm_widget_event_done":{"r":[14,[1],22,[1]],"d":1528121869000},"snd_soc_dapm_widget_event_start":{"r":[14,[1],22,[1]],"d":1528121869000},"snd_soc_dapm_widget_power":{"r":[14,[1],22,[1]],"d":1528121869000},"snd_soc_jack_irq":{"r":[14,[1],22,[1]],"d":1528121869000},"snd_soc_jack_notify":{"r":[14,[1],22,[1]],"d":1528121869000},"snd_soc_jack_report":{"r":[14,[1],22,[1]],"d":1528121869000}},"src/ftrace_reader/test/data/android_walleye_OPM5.171019.017.A1_4.4.88/events/cfg80211/rdev_set_qos_map":{"format":{"r":[14,[1],22,[1]],"d":1528121869000,"f":1}},"src/ftrace_reader/test/data/android_walleye_OPM5.171019.017.A1_4.4.88/events/writeback/wbc_writepage":{"format":{"r":[14,[1],22,[1]],"d":1528121869000,"f":1}},"src/traced/probes/ftrace/test/data/android_seed_N2F62_3.10.49/events/ice40/ice40_bus_suspend":{"format":{"r":[22,[1]],"f":1}}}