{"test/trace_processor/translation":{"chrome_args_test.sql":{"r":[230,[1],256,[1],263,[1,0,1]],"d":1675175498000,"f":1},"chrome_histogram.out":{"r":[220,[1],233,[1],263,[1,0,1]],"d":1675175498000,"f":1},"chrome_histogram.textproto":{"r":[220,[1],233,[1],265,[1]],"d":1675175498000,"f":1},"chrome_performance_mark.out":{"r":[221,[1],233,[1],263,[1,0,1]],"d":1675175498000,"f":1},"chrome_user_event.out":{"r":[220,[1],233,[1,0,1],263,[1,0,1]],"d":1675175498000,"f":1},"chrome_user_event.textproto":{"r":[220,[1],233,[1],265,[1]],"d":1675175498000,"f":1},"java_class_name_arg.out":{"r":[255,[1],263,[1,0,1]],"d":1675175498000,"f":1},"java_class_name_arg.textproto":{"r":[255,[1],265,[1]],"d":1675175498000,"f":1},"native_symbol_arg.out":{"r":[233,[1],238,[1,0,0,1],263,[1,0,1]],"d":1675175498000,"f":1},"native_symbol_arg.textproto":{"r":[233,[1],238,[1],265,[1]],"d":1675175498000,"f":1},"native_symbol_arg_incomplete.textproto":{"r":[235,[1,0,0,1],265,[1]],"d":1675175498000,"f":1},"slice_name.textproto":{"r":[223,[1,1],265,[1]],"d":1675175498000,"f":1},"slice_name_negative_timestamp.textproto":{"r":[228,[1],265,[1]],"d":1675175498000,"f":1},"tests.py":{"r":[264,[3,1]],"d":1675175498000,"f":1},"chrome_performance_mark.textproto":{"r":[221,[1],233,[1],264,[1]],"d":1674649881000,"f":1},"slice_name.out":{"r":[223,[1,1],264,[1]],"d":1674649881000,"f":1},"slice_name_test.sql":{"r":[230,[1],264,[1]],"d":1674649881000,"f":1},"tests":{"r":[264,[2]],"d":1674649881000,"f":1},"index":{"r":[220,[2,1,0,1],228,[1,0,1,0,0,1,0,1],255,[1],264,[1]],"d":1674470236000,"f":1},"index.py":{"r":[262,[2,3,1]],"d":1674470236000,"f":1},"chrome_args.sql":{"r":[220,[1],230,[1]],"d":1653910759000,"f":1},"slice_name.sql":{"r":[223,[1],230,[1]],"d":1653910759000,"f":1},"chrome_histogram.sql":{"r":[220,[2]],"d":1648216669000,"f":1}},"src/traced/probes/ftrace/test/data/android_raven_AOSP.MASTER_5.10.43/events/xdp/xdp_redirect_map_err":{"format":{"r":[217,[1]],"f":1}},"src/ftrace_reader/test/data/android_seed_N2F62_3.10.49/events/task/task_newtask":{"format":{"r":[0,[1],22,[1]],"d":1528121869000,"f":1}},"src/ftrace_reader/test/data/android_walleye_OPM5.171019.017.A1_4.4.88/events/block/block_bio_backmerge":{"format":{"r":[14,[1],22,[1]],"d":1528121869000,"f":1}},"src/traced/probes/ftrace/test/data/android_walleye_OPM5.171019.017.A1_4.4.88/events/kgsl/kgsl_waittimestamp_entry":{"format":{"r":[22,[1]],"f":1}}}