{"src/trace_processor/python/perfetto/trace_processor":{"__init__.py":{"r":[140,[1],204,[1],210,[2]],"d":1641915461000,"f":1},"api.py":{"r":[140,[2],187,[1,1],196,[1,0,0,0,1,0,0,0,1],209,[3,2]],"d":1641915461000,"f":1},"http.py":{"r":[140,[1],184,[1,0,0,1],210,[2]],"d":1641915461000,"f":1},"loader.py":{"r":[140,[1],210,[2]],"d":1641915461000,"f":1},"metrics.descriptor":{"r":[140,[3],148,[1,2,0,0,0,1,1,0,0,0,1,2,1,1,0,0,2,0,9,1,0,2,3,5,0,0,0,3,0,0,2,1,2,0,0,3,0,1],190,[1],195,[1,1,1,0,0,0,2,0,0,0,1,3,0,0,2,1]],"d":1641915461000,"f":1},"metrics.descriptor.sha1":{"r":[140,[4,1],148,[1],153,[1],158,[2,1,0,0,0,1,2,0,2,1,0,1,1],175,[1,1,0,0,0,1,0,0,1],190,[1],195,[1,0,1,0,0,0,1,0,0,0,1,1,0,0,1,1]],"d":1641915461000,"f":1},"protos.py":{"r":[140,[1],184,[1,0,0,1],210,[2]],"d":1641915461000,"f":1},"shell.py":{"r":[140,[1],188,[1],210,[1]],"d":1641915461000,"f":1},"trace_processor.descriptor":{"r":[140,[1,0,1],177,[1,2,0,0,1,0,0,1,0,0,1],200,[1],210,[1]],"d":1641915461000,"f":1},"trace_processor.descriptor.sha1":{"r":[140,[2,1,1],158,[1],163,[1,0,0,1],176,[1,1,2,0,0,1,0,0,1,0,0,1],200,[1],210,[1]],"d":1641915461000,"f":1}},"src/ftrace_reader/test/data/android_walleye_OPM5.171019.017.A1_4.4.88/events/migrate/mm_migrate_pages_start":{"format":{"r":[14,[1],22,[1]],"d":1528121869000,"f":1}},"src/ftrace_reader/test/data/android_walleye_OPM5.171019.017.A1_4.4.88/events/sched/sched_process_free":{"format":{"r":[14,[1],22,[1]],"d":1528121869000,"f":1}},"src/ftrace_reader/test/data/android_walleye_OPM5.171019.017.A1_4.4.88/events/spi/spi_message_submit":{"format":{"r":[14,[1],22,[1]],"d":1528121869000,"f":1}}}