{"test/trace_processor/fuchsia":{"fuchsia_workstation_smoke_slices.out":{"r":[132,[1],152,[1],214,[1],265,[1]],"d":1675175498000,"f":1},"tests.py":{"r":[264,[2,1]],"d":1675175498000,"f":1},"fuchsia_smoke.out":{"r":[132,[1],264,[1]],"d":1674649881000,"f":1},"fuchsia_smoke_counters.out":{"r":[132,[1],264,[1]],"d":1674649881000,"f":1},"fuchsia_smoke_flow.out":{"r":[148,[1],264,[1]],"d":1674649881000,"f":1},"fuchsia_smoke_instants.out":{"r":[132,[1],214,[1],264,[1]],"d":1674649881000,"f":1},"fuchsia_smoke_slices.out":{"r":[132,[1],214,[1],264,[1]],"d":1674649881000,"f":1},"fuchsia_smoke_type.out":{"r":[224,[1],264,[1]],"d":1674649881000,"f":1},"fuchsia_workstation_smoke_args.out":{"r":[152,[1],264,[1]],"d":1674649881000,"f":1},"smoke_args_test.sql":{"r":[230,[1],256,[1],264,[1]],"d":1674649881000,"f":1},"smoke_counters_test.sql":{"r":[230,[1],256,[1],264,[1]],"d":1674649881000,"f":1},"smoke_flow_test.sql":{"r":[230,[1],256,[1],264,[1]],"d":1674649881000,"f":1},"smoke_instants_test.sql":{"r":[230,[1],256,[1],264,[1]],"d":1674649881000,"f":1},"smoke_type_test.sql":{"r":[230,[1],256,[1],264,[1]],"d":1674649881000,"f":1},"tests":{"r":[264,[2]],"d":1674649881000,"f":1},"index":{"r":[132,[2],148,[1,0,0,0,1],224,[1],230,[1],264,[1]],"d":1674470236000,"f":1},"index.py":{"r":[262,[2,2,1]],"d":1674470236000,"f":1},"smoke_args.sql":{"r":[152,[1],230,[1]],"d":1653910759000,"f":1},"smoke_counters.sql":{"r":[132,[1],230,[1]],"d":1653910759000,"f":1},"smoke_flow.sql":{"r":[148,[1],230,[1]],"d":1653910759000,"f":1},"smoke_instants.sql":{"r":[132,[1],214,[1],230,[1]],"d":1653910759000,"f":1},"smoke_type.sql":{"r":[224,[1],230,[1]],"d":1653910759000,"f":1}},"src/traced/probes/ftrace/test/data/android_raven_AOSP.MASTER_5.10.43/events/iommu/unmap":{"format":{"r":[217,[1]],"f":1}},"src/ftrace_reader/test/data/android_walleye_OPM5.171019.017.A1_4.4.88/events/kgsl/kgsl_pwr_set_state":{"format":{"r":[14,[1],22,[1]],"d":1528121869000,"f":1}},"src/ftrace_reader/test/data/android_walleye_OPM5.171019.017.A1_4.4.88/events/mdss/mdp_cmd_kickoff":{"format":{"r":[14,[1],22,[1]],"d":1528121869000,"f":1}}}