{"src/traced/probes/ftrace/test/data/android_raven_AOSP.MASTER_5.10.43/events/xhci-hcd/xhci_dbg_ring_expansion":{"format":{"r":[217,[1]],"f":1}},"src/ftrace_reader/test/data/android_walleye_OPM5.171019.017.A1_4.4.88/events/cfg80211/rdev_sched_scan_stop":{"format":{"r":[14,[1],22,[1]],"d":1528121869000,"f":1}},"src/ftrace_reader/test/data/android_walleye_OPM5.171019.017.A1_4.4.88/events/ext4/ext4_ext_rm_idx":{"format":{"r":[14,[1],22,[1]],"d":1528121869000,"f":1}},"src/ftrace_reader/test/data/android_walleye_OPM5.171019.017.A1_4.4.88/events/iommu":{"add_device_to_group":{"r":[14,[1],22,[1]],"d":1528121869000},"attach_device_to_domain":{"r":[14,[1],22,[1]],"d":1528121869000},"detach_device_from_domain":{"r":[14,[1],22,[1]],"d":1528121869000},"io_page_fault":{"r":[14,[1],22,[1]],"d":1528121869000},"map":{"r":[14,[1],22,[1]],"d":1528121869000},"map_end":{"r":[14,[1],22,[1]],"d":1528121869000},"map_sg_end":{"r":[14,[1],22,[1]],"d":1528121869000},"map_sg_start":{"r":[14,[1],22,[1]],"d":1528121869000},"map_start":{"r":[14,[1],22,[1]],"d":1528121869000},"remove_device_from_group":{"r":[14,[1],22,[1]],"d":1528121869000},"unmap":{"r":[14,[1],22,[1]],"d":1528121869000},"unmap_end":{"r":[14,[1],22,[1]],"d":1528121869000},"unmap_start":{"r":[14,[1],22,[1]],"d":1528121869000}}}