{"test/data/ui-screenshots/zoom.test.ts":{"zoom-out":{"r":[362,[1,6,0,1,0,3,0,0,0,1,0,0,1,0,0,0,1,0,1,0,1,0,0,0,1,0,1,0,1],397,[1,3,0,1,0,2,0,1,0,0,0,1,0,0,0,1,1],418,[2,0,1,1]]},"zoom-in":{"r":[362,[1,4,0,0,0,3],379,[1,0,0,1,0,0,1,0,0,1,0,1],397,[1,2,0,1,1,0,0,1,0,0,0,1,0,0,0,1,1],418,[2]]}},"test/data/ui-screenshots/queries.test.ts/query-page":{"query-limit-1.png.sha256":{"r":[350,[1,1],356,[1],361,[1],367,[1,1,0,1,1,0,0,1,0,1,0,1,1,1,0,1,0,1],390,[2,0,0,1],398,[1,1,2,0,0,0,1,0,0,1,1,0,0,0,2,1],418,[2,2,1]],"f":1},"query-limit-2.png.sha256":{"r":[350,[1,1],356,[1],361,[1],367,[1,1,0,1,1,0,0,1,0,1,0,1,1,1,0,1,0,1],390,[2,0,0,1],398,[1,1,2,0,0,0,1,0,0,1,1,1,0,0,2,1],418,[2,2,1]],"f":1},"query-limit-3.png.sha256":{"r":[350,[1,1],356,[1],361,[1],367,[1,1,0,1,1,0,0,1,0,1,0,1,1,1,0,1,0,1],390,[2,0,0,1],398,[1,1,2,0,0,0,1,0,0,1,1,1,0,0,2,1],418,[2,2,1]],"f":1}},"src/traced/probes/ftrace/test/data/android_raven_AOSP.MASTER_5.10.43/events/clk/clk_set_parent_complete":{"format":{"r":[217,[1]],"f":1}},"src/ftrace_reader/test/data/android_walleye_OPM5.171019.017.A1_4.4.88/events/thermal/lmh_debug_data":{"format":{"r":[14,[1],22,[1]],"d":1528121869000,"f":1}},"src/traced/probes/ftrace/test/data/android_walleye_OPM5.171019.017.A1_4.4.88/events/exception/kernel_panic_late":{"format":{"r":[22,[1]],"f":1}}}