{"src/ftrace_reader/test/data/android_walleye_OPM5.171019.017.A1_4.4.88/events/block/block_rq_remap":{"format":{"r":[14,[1],22,[1]],"d":1528121869000,"f":1}},"src/ftrace_reader/test/data/android_walleye_OPM5.171019.017.A1_4.4.88/events/ext4/ext4_insert_range":{"format":{"r":[14,[1],22,[1]],"d":1528121869000,"f":1}},"src/ftrace_reader/test/data/android_walleye_OPM5.171019.017.A1_4.4.88/events/ftrace":{"bprint":{"r":[14,[1],22,[1]],"d":1528121869000},"bputs":{"r":[14,[1],22,[1]],"d":1528121869000},"branch":{"r":[14,[1],22,[1]],"d":1528121869000},"context_switch":{"r":[14,[1],22,[1]],"d":1528121869000},"funcgraph_entry":{"r":[14,[1],22,[1]],"d":1528121869000},"funcgraph_exit":{"r":[14,[1],22,[1]],"d":1528121869000},"function":{"r":[14,[1],22,[1]],"d":1528121869000},"kernel_stack":{"r":[14,[1],22,[1]],"d":1528121869000},"mmiotrace_map":{"r":[14,[1],22,[1]],"d":1528121869000},"mmiotrace_rw":{"r":[14,[1],22,[1]],"d":1528121869000},"print":{"r":[14,[1],22,[1]],"d":1528121869000},"user_stack":{"r":[14,[1],22,[1]],"d":1528121869000},"wakeup":{"r":[14,[1],22,[1]],"d":1528121869000}},"src/ftrace_reader/test/data/android_walleye_OPM5.171019.017.A1_4.4.88/events/timer":{"hrtimer_cancel":{"r":[14,[1],22,[1]],"d":1528121869000},"hrtimer_expire_entry":{"r":[14,[1],22,[1]],"d":1528121869000},"hrtimer_expire_exit":{"r":[14,[1],22,[1]],"d":1528121869000},"hrtimer_init":{"r":[14,[1],22,[1]],"d":1528121869000},"hrtimer_start":{"r":[14,[1],22,[1]],"d":1528121869000},"itimer_expire":{"r":[14,[1],22,[1]],"d":1528121869000},"itimer_state":{"r":[14,[1],22,[1]],"d":1528121869000},"tick_stop":{"r":[14,[1],22,[1]],"d":1528121869000},"timer_cancel":{"r":[14,[1],22,[1]],"d":1528121869000},"timer_expire_entry":{"r":[14,[1],22,[1]],"d":1528121869000},"timer_expire_exit":{"r":[14,[1],22,[1]],"d":1528121869000},"timer_init":{"r":[14,[1],22,[1]],"d":1528121869000},"timer_start":{"r":[14,[1],22,[1]],"d":1528121869000}},"buildtools/libbacktrace_config":{"config.h":{"r":[12,[1,1]],"f":1},"backtrace-supported.h":{"r":[12,[1]],"f":1}}}