{"src/trace_processor/metrics/sql":{"android":{"r":[200,[1,6,0,0,1,2,4,0,0,2,1,1,1,0,1,5,2,1,1,2,0,1,4,1,2,3,1,6,2,2,1,0,1,5,7,2,3,1,4,6,0,1,4,1,2,5,4,3,2,4,0,3,2,1,1,9,3,1,2,0,0,2,1,2,0,2,0,1,1,7,4,1,5,6,4,4,5,4,3,5,4,3,2,1,1,4,4,6,9,3,2,3,2,1,4,3,0,1,1,2,2,1,1,1,0,1,2],311,[1,2,3,1,0,0,2,5,7,0,3,1,2,2,0,2,1,1,1,2,0,1,4,2,3,5,2,4,1,7,0,4,2,10,1,2,0,1,3,1,3,0,5,2,2,6,3,4,1,1,4,0,2,0,0,1,0,1,0,0,2,1,1,1,6,0,1,0,1,0,1,1,1,1,1,1,1,2,1,0,4,1,5,0,1,3,2,0,0,2,0,6,0,1,1],411,[1,1,2,5,2,2],421,[4]]},"chrome":{"r":[201,[2,0,0,0,1,1,1,0,0,2,1,2,0,0,1,0,0,0,1,2,0,3],229,[1,0,1,0,2,0,0,0,3,1,1,0,0,2,2,1,3,0,1,1,4,1,2,0,2,1,8,3,1,5,2,0,1,3,0,3,1],271,[1],279,[1,0,2,0,1,1,2,3,0,2,2,0,0,1,0,1,2,0,0,3,1,0,1,1,1,1,1],311,[1,0,0,0,1,1,1,0,1,2],329,[1],342,[1],356,[1,2,3],363,[1,0,1,0,0,0,1,0,1],380,[1],386,[1,0,1],394,[1]]},"trace_metadata.sql":{"r":[201,[1],255,[1,1],303,[1,0,1],319,[1],340,[1],349,[2],358,[2],364,[1],393,[2]],"f":1},"experimental":{"r":[201,[2,0,0,1],215,[1],220,[1,1,0,1],228,[1,0,0,1],244,[1],253,[1,0,4,1,0,1,1],276,[1],283,[1],288,[2,0,0,0,1],305,[1],323,[1],335,[1],354,[1],365,[1],386,[1]]},"common":{"r":[245,[1],253,[1],258,[2],295,[1],319,[1],357,[2,1,0,0,0,1],378,[1]]},"trace_stats.sql":{"r":[201,[1],256,[1],305,[1]],"f":1},"webview":{"r":[201,[2],253,[1,0,2,2,0,1],276,[1],288,[2,0,0,0,1],305,[1]]},"BUILD.gn":{"r":[201,[2,0,0,1,2,2,0,0,1,1,2,0,0,0,1],220,[3,1,3,0,0,2,0,2,0,1,0,0,0,4,1,0,1,4,0,1,0,0,1,1,0,4,1,0,1,1,1,0,3,3]],"f":1}},"src/traced/probes/ftrace/test/data/android_raven_AOSP.MASTER_5.10.43/events/kvm/kvm_wfx_arm64":{"format":{"r":[217,[1]],"f":1}},"src/ftrace_reader/test/data/android_hammerhead_MRA59G_3.4.0/events/ext4/ext4_releasepage":{"format":{"r":[0,[1],22,[1]],"d":1528121869000,"f":1}},"src/ftrace_reader/test/data/android_walleye_OPM5.171019.017.A1_4.4.88/events/ext4/ext4_readpage":{"format":{"r":[14,[1],22,[1]],"d":1528121869000,"f":1}},"src/traced/probes/ftrace/test/data/android_seed_N2F62_3.10.49/events/sock/sock_exceed_buf_limit":{"format":{"r":[22,[1]],"f":1}},"src/traced/probes/ftrace/test/data/android_walleye_OPM5.171019.017.A1_4.4.88/events/kgsl/adreno_hw_preempt_comp_to_clear":{"format":{"r":[22,[1]],"f":1}}}