{"infra/ci/controller":{".gcloudignore":{"r":[339,[1],379,[1]],"d":1744315824000,"f":1},".gitignore":{"r":[79,[1],379,[1]],"d":1744315824000,"f":1},"Makefile":{"r":[79,[2],224,[1],235,[1],321,[1],339,[1],379,[1]],"d":1744315824000,"f":1},"app.yaml":{"r":[79,[1],339,[1],379,[1]],"d":1744315824000,"f":1},"cron.yaml":{"r":[79,[2],287,[1],339,[1],379,[1]],"d":1744315824000,"f":1},"index.yaml":{"r":[79,[1],100,[1],339,[1],379,[1]],"d":1744315824000,"f":1},"main.py":{"r":[339,[1,1],379,[1]],"d":1744315824000,"f":1},"requirements.txt":{"r":[339,[1],379,[1]],"d":1744315824000,"f":1},"stackdriver_metrics.py":{"r":[79,[1],91,[1],339,[1],379,[1]],"d":1744315824000,"f":1},"appengine_config.py":{"r":[79,[1],339,[1]],"d":1720091195000,"f":1},"controller.py":{"r":[79,[2,1,1,0,0,0,1],91,[1],230,[1],235,[1],287,[1,0,1],339,[1]],"d":1720091195000,"f":1},"queue.yaml":{"r":[79,[1,1],339,[1]],"d":1720091195000,"f":1}},"ui/src/core_plugins/process":{"index.ts":{"r":[346,[1,0,3,0,0,2,0,0,1,1]],"d":1729515985000,"f":1},"table.ts":{"r":[346,[2,3],355,[1]],"d":1729515985000,"f":1}},"src/traced/probes/ftrace/test/data/android_walleye_OPM5.171019.017.A1_4.4.88/events/ext4/ext4_drop_inode":{"format":{"r":[22,[1]],"f":1}},"src/traced/probes/ftrace/test/data/android_walleye_OPM5.171019.017.A1_4.4.88/events/net/net_dev_start_xmit":{"format":{"r":[22,[1]],"f":1}}}