{"ui/src/frontend/sql_table":{"argument_selector.ts":{"r":[284,[1,1,0,1],296,[1],304,[1],309,[1],324,[1],332,[1,0,0,0,1,0,0,0,1]],"d":1720720913000,"f":1},"column.ts":{"r":[284,[1,1,0,0,0,1,0,1],309,[1],316,[1],324,[1],340,[1]],"d":1720720913000,"f":1},"column_unittest.ts":{"r":[289,[1],309,[1],316,[1],324,[1],340,[1]],"d":1720720913000,"f":1},"render_cell.ts":{"r":[284,[1,1,0,0,1],296,[2],301,[1,0,0,1,0,1],314,[1,0,1],324,[1],336,[1,0,0,0,1]],"d":1720720913000,"f":1},"state.ts":{"r":[284,[1,2,0,1,0,1],300,[1,1,0,0,2],314,[1,0,1],324,[1],332,[1,0,0,0,1,0,0,0,1]],"d":1720720913000,"f":1},"state_unittest.ts":{"r":[289,[1],304,[1],316,[1],324,[1],332,[1],340,[1]],"d":1720720913000,"f":1},"tab.ts":{"r":[284,[1,2,1,0,0,1],296,[1,0,1],315,[1,2],324,[2,0,0,1,0,0,0,1,1,0,0,1,1,1,0,0,1]],"d":1720720913000,"f":1},"table.ts":{"r":[284,[1,1],296,[1],301,[1,0,0,1],309,[1],316,[1],324,[1],330,[1,0,1,0,0,1,0,0,1,0,1]],"d":1720720913000,"f":1},"table_description.ts":{"r":[284,[1,2],316,[1],324,[1],340,[1]],"d":1720720913000,"f":1},"well_known_tables.ts":{"r":[284,[1,2],317,[1],340,[1]],"d":1720720913000,"f":1}},"src/traced/probes/ftrace/test/data/android_raven_AOSP.MASTER_5.10.43/events/dw3000/dw3000_mcps_rx_enable":{"format":{"r":[217,[1]],"f":1}},"src/traced/probes/ftrace/test/data/android_raven_AOSP.MASTER_5.10.43/events/sched/sched_stat_wait":{"format":{"r":[217,[1]],"f":1}},"src/traced/probes/ftrace/test/data/android_walleye_OPM5.171019.017.A1_4.4.88/events/cfg80211/rdev_stop_ap":{"format":{"r":[22,[1]],"f":1}},"src/traced/probes/ftrace/test/data/android_walleye_OPM5.171019.017.A1_4.4.88/events/kgsl/kgsl_a4xx_irq_status":{"format":{"r":[22,[1]],"f":1}}}