{"include/perfetto/public/protos":{"config":{"r":[257,[1],264,[1],284,[1],324,[1],336,[1],371,[1],377,[1],382,[1,1],390,[1,0,1,0,1,0,1],401,[1,0,0,0,1,0,0,2,0,1,1,0,0,0,1,0,0,0,2,2]]},"BUILD.gn":{"r":[225,[1],257,[1],264,[1],283,[1,2],420,[1]],"f":1},"common":{"r":[257,[1],284,[1,0,1],324,[1],336,[1],371,[1],420,[1]]},"trace":{"r":[225,[1],257,[1],283,[1,2],324,[1],336,[2,0,1],351,[1],371,[1],377,[1],385,[1,1,0,1,0,2,0,2,0,2,1,0,4,0,0,1,0,0,1,0,0,1,0,2,0,1,0,0,0,2],419,[1,1]]}},"src/traced/probes/ftrace/test/data/android_raven_AOSP.MASTER_5.10.43/events/cfg80211/cfg80211_rx_unexpected_4addr_frame":{"format":{"r":[217,[1]],"f":1}},"src/traced/probes/ftrace/test/data/android_raven_AOSP.MASTER_5.10.43/events/mac80211/api_enable_rssi_reports":{"format":{"r":[217,[1]],"f":1}},"src/ftrace_reader/test/data/android_walleye_OPM5.171019.017.A1_4.4.88/events/mdss/rotator_bw_ao_as_context":{"format":{"r":[14,[1],22,[1]],"d":1528121869000,"f":1}},"src/ftrace_reader/test/data/android_walleye_OPM5.171019.017.A1_4.4.88/events/writeback/writeback_dirty_inode_enqueue":{"format":{"r":[14,[1],22,[1]],"d":1528121869000,"f":1}}}