{"protos/perfetto/ipc":{"consumer_port.proto":{"r":[2,[1],8,[2,0,0,0,2,2],39,[1],50,[1],55,[2],61,[1,0,1],74,[1],86,[1],107,[1],116,[1,0,0,1],147,[1],152,[1],181,[2],257,[1],273,[1,0,0,0,1],294,[1],316,[1,0,1],355,[1,0,0,0,1],379,[2],405,[3]],"f":1},"wire_protocol.proto":{"r":[87,[1],98,[1],107,[1],129,[1],286,[1],293,[1],379,[1],394,[1]],"f":1},"OWNERS":{"r":[205,[1],360,[1],386,[1]],"d":1748542754000,"f":1},"relay_port.proto":{"r":[320,[1],379,[1]],"f":1},"producer_port.proto":{"r":[2,[1],8,[2,0,0,2,1,2,1],29,[1],39,[1],47,[1],62,[1,1],71,[1,1,0,1],79,[1,0,0,0,1,0,0,1,0,0,1,0,0,0,1],107,[1,0,1],119,[1],146,[1],163,[1,1],176,[3],192,[2],200,[2],281,[1],294,[1],379,[1]],"f":1},"BUILD.gn":{"r":[2,[1],8,[1,0,0,1],37,[1],86,[1,1],98,[2,1],108,[1],133,[1],215,[1],320,[1],356,[1]],"f":1},"commit_data_request.proto":{"r":[8,[1,0,1,1]],"d":1521635594000,"f":1}},"src/traced/probes/ftrace/test/data/hypervisor/events/hyp/iommu_idmap":{"format":{"r":[395,[1]],"f":1}},"src/ftrace_reader/test/data/android_hammerhead_MRA59G_3.4.0/events/ext4/ext4_ind_map_blocks_enter":{"format":{"r":[0,[1],22,[1]],"d":1528121869000,"f":1}},"src/ftrace_reader/test/data/android_walleye_OPM5.171019.017.A1_4.4.88/events/perf_trace_counters/perf_trace_user":{"format":{"r":[14,[1],22,[1]],"d":1528121869000,"f":1}},"src/traced/probes/ftrace/test/data/android_walleye_OPM5.171019.017.A1_4.4.88/events/cfg80211/cfg80211_send_auth_timeout":{"format":{"r":[22,[1]],"f":1}},"src/traced/probes/ftrace/test/data/android_walleye_OPM5.171019.017.A1_4.4.88/events/cfg80211/cfg80211_stop_iface":{"format":{"r":[22,[1]],"f":1}}}