{"src/tools":{"ftrace_proto_gen":{"r":[227,[1,1,1,0,1,0,1],239,[1,1,0,0,1,1,0,0,1,1,1,1,0,0,1,0,0,1,0,5,1],269,[1,1,0,0,1,1,2,0,1,0,1],284,[1],292,[1],298,[1],309,[1,0,1],321,[1,0,0,2,0,1,2,0,0,2,1,0,0,2,2],342,[1,1,0,0,1,0,1,1],357,[1,2,1],370,[2,1,0,0,1,0,0,0,1,3],384,[2,0,0,1],393,[1,2,2],402,[1],410,[1,1,0,0,1,0,0,0,1,2,0,1]]},"proto_merger":{"r":[227,[1],234,[1],255,[1],273,[3],281,[1],305,[1],346,[1],366,[1],378,[1],414,[1],419,[1]]},"proto_filter":{"r":[227,[1],234,[1],274,[1,0,0,1],286,[1,0,0,1],310,[1],322,[2],360,[1],378,[1],415,[1,0,0,1,2]]},"busy_threads":{"r":[227,[1],379,[1],409,[1]]},"protoprofile":{"r":[227,[1],238,[1,0,0,1],253,[1,0,0,1],270,[2,0,0,0,1],408,[1]]},"dump_ftrace_stats":{"r":[227,[1],379,[1],402,[2]]},"idle_alloc.cc":{"r":[227,[1],378,[1]],"f":1},"cpu_utilization":{"r":[227,[1],363,[1]]},"BUILD.gn":{"r":[227,[2],274,[1]],"f":1},"compact_reencode":{"r":[227,[1],274,[1]],"d":1680526114000},"multithreaded_alloc.cc":{"r":[227,[1],273,[1]],"f":1},"profiling_sample_distribution.cc":{"r":[227,[1]],"f":1},"skippy":{"r":[227,[1]]}},"ui/src/chrome_extension":{"chrome_tracing_controller.ts":{"r":[83,[2,0,1,1,0,1,1,1],105,[2],133,[1],163,[1],206,[1,1],230,[1],239,[1],274,[1],283,[1,0,1],291,[1],298,[1],304,[3],314,[1,0,1],324,[1],339,[1],358,[1,0,1],368,[1],419,[2]],"f":1},"manifest.json":{"r":[82,[1,1,2,3],105,[2,1],167,[1],207,[1],236,[1],243,[1],283,[3,0,2],335,[1],419,[1]],"f":1},"trace_config_utils.ts":{"r":[368,[1],419,[1]],"f":1},"consumer_port_types.ts":{"r":[368,[1]],"f":1},"record_controller_interfaces.ts":{"r":[368,[1]],"f":1},"index.ts":{"r":[82,[3,3,0,1,0,0,1],96,[1],106,[1],133,[1],230,[1],243,[1],314,[1,0,1],324,[1],335,[1]],"f":1},"devtools_socket.ts":{"r":[83,[2],105,[1],230,[1],274,[1],283,[1],314,[1,0,1],324,[1]],"f":1}},"contrib/rust-sdk/perfetto-protos-gpu/examples":{"gpu_counters.rs":{"r":[408,[1,3]],"f":1}},"src/traced/probes/ftrace/test/data/android_raven_AOSP.MASTER_5.10.43/events/cfg80211/rdev_set_monitor_channel":{"format":{"r":[217,[1]],"f":1}},"src/traced/probes/ftrace/test/data/android_walleye_OPM5.171019.017.A1_4.4.88/events/cpufreq_interactive/cpufreq_interactive_notyet":{"format":{"r":[22,[1]],"f":1}},"src/traced/probes/ftrace/test/data/android_walleye_OPM5.171019.017.A1_4.4.88/events/scm/scm_call_start":{"format":{"r":[22,[1]],"f":1}}}