{"ui/src/plugins/dev.perfetto.RecordTraceV2/adb/web_device_proxy":{"wdp_websocket_stream .ts":{"r":[420,[1]],"f":1},"wdp_target_provider.ts":{"r":[368,[1],373,[1]],"f":1},"wdp_schema.ts":{"r":[368,[1]],"f":1},"wdp_target.ts":{"r":[368,[1]],"f":1}},"src/shared_lib":{"test":{"r":[257,[1],262,[2,0,1],274,[1,0,0,0,1,0,2,0,0,1,1,0,2,1,0,1,0,0,0,1,1],299,[1],308,[1,0,1],318,[1],324,[2],333,[1,0,2,1,0,2],349,[2],366,[1],371,[1],376,[1,0,0,1,0,0,1,0,0,0,1],392,[1,0,2,0,0,3],405,[1],418,[2,0,1]]},"pb_decoder.cc":{"r":[262,[1],410,[1],419,[1]],"f":1},"data_source.cc":{"r":[224,[1],270,[2],280,[2,0,0,1,0,0,0,1],294,[1],304,[2],349,[1],360,[1],366,[1],377,[1,0,0,0,1,2],418,[1]],"f":1},"track_event":{"r":[405,[2],414,[2,1,0,0,1]]},"BUILD.gn":{"r":[224,[2,0,0,0,1,0,0,1,0,2],239,[1],257,[1],262,[1],270,[1],285,[2],366,[1],405,[1],414,[1]],"f":1},"intern_map.cc":{"r":[285,[1],405,[1]],"d":1759929007000,"f":1},"intern_map.h":{"r":[285,[1],405,[1]],"d":1759929007000,"f":1},"intern_map_unittest.cc":{"r":[285,[1],405,[1]],"d":1759929007000,"f":1},"track_event.cc":{"r":[281,[1,0,0,0,2],293,[2],304,[2,0,0,0,1],324,[1],338,[2],351,[1],360,[1],386,[1],392,[1],405,[1]],"d":1759929007000,"f":1},"producer.cc":{"r":[233,[1],268,[1,0,1],283,[1,0,1],333,[1]],"f":1},"thread_utils.cc":{"r":[285,[1]],"f":1},"reset_for_testing.h":{"r":[270,[1],285,[1]],"f":1},"tracing_session.cc":{"r":[233,[1],268,[1],280,[1,0,0,1]],"f":1},"heap_buffer.cc":{"r":[228,[1]],"f":1},"stream_writer.h":{"r":[224,[1],267,[1]],"f":1},"stream_writer.cc":{"r":[224,[2]],"f":1}},"src/traced/probes/ftrace/test/data/android_raven_AOSP.MASTER_5.10.43/events/f2fs/f2fs_do_write_data_page":{"format":{"r":[217,[1]],"f":1}},"src/ftrace_reader/test/data/android_walleye_OPM5.171019.017.A1_4.4.88/events/jbd2/jbd2_end_commit":{"format":{"r":[14,[1],22,[1]],"d":1528121869000,"f":1}},"src/ftrace_reader/test/data/android_walleye_OPM5.171019.017.A1_4.4.88/events/sched/sched_tune_boostgroup_update":{"format":{"r":[14,[1],22,[1]],"d":1528121869000,"f":1}},"src/traced/probes/ftrace/test/data/android_walleye_OPM5.171019.017.A1_4.4.88/events/cfg80211/cfg80211_report_obss_beacon":{"format":{"r":[22,[1]],"f":1}}}