{"ui/src/components/widgets/data_grid":{"add_column_menu.ts":{"r":[414,[2]],"d":1765372403000,"f":1},"cell_filter_menu.ts":{"r":[414,[2]],"d":1765372403000,"f":1},"column_filter_menu.ts":{"r":[414,[2]],"d":1765372403000,"f":1},"column_schema.ts":{"r":[414,[4]],"d":1765372403000,"f":1},"common.ts":{"r":[384,[1],390,[1,0,0,2],406,[1,0,2,0,0,1,1,2,5]],"d":1765372403000,"f":1},"data_grid.ts":{"r":[384,[1],390,[1,1,0,5,0,0,0,1,1,1],404,[1,0,1,1,1,2,0,2,3,5,5]],"d":1765372403000,"f":1},"data_grid_toolbar.ts":{"r":[413,[1,3]],"d":1765372403000,"f":1},"export_button.ts":{"r":[413,[1,1]],"d":1765372403000,"f":1},"export_utils.ts":{"r":[411,[1,0,0,2]],"d":1765372403000,"f":1},"export_utils_unittest.ts":{"r":[411,[1,0,0,1]],"d":1765372403000,"f":1},"in_memory_data_source.ts":{"r":[384,[1],390,[1],408,[2,0,0,1,2,1,3]],"d":1765372403000,"f":1},"in_memory_data_source_unittest.ts":{"r":[384,[2],390,[1],408,[1],414,[2]],"d":1765372403000,"f":1},"pivot_menu.ts":{"r":[414,[2]],"d":1765372403000,"f":1},"sql_data_source.ts":{"r":[384,[1],390,[1,0,0,1],408,[2,0,0,1,1,1,3]],"d":1765372403000,"f":1},"sql_schema.ts":{"r":[414,[2]],"d":1765372403000,"f":1},"export_buttons.ts":{"r":[411,[1,0,1]],"d":1764877013000,"f":1}},"src/ftrace_reader/test/data/android_walleye_OPM5.171019.017.A1_4.4.88/events/ext4/ext4_mb_release_group_pa":{"format":{"r":[14,[1],22,[1]],"d":1528121869000,"f":1}},"src/ftrace_reader/test/data/android_walleye_OPM5.171019.017.A1_4.4.88/events/lowmemorykiller/lowmemory_kill":{"format":{"r":[14,[1],22,[1]],"d":1528121869000,"f":1}},"src/ftrace_reader/test/data/android_walleye_OPM5.171019.017.A1_4.4.88/events/v4l2/vb2_v4l2_buf_done":{"format":{"r":[14,[1],22,[1]],"d":1528121869000,"f":1}},"src/traced/probes/ftrace/test/data/android_flounder_lte_LRX16F_3.10.40/events/gk20a/gk20a_mmu_fault":{"format":{"r":[22,[1]],"f":1}},"src/traced/probes/ftrace/test/data/android_flounder_lte_LRX16F_3.10.40/events/nvhost/nvhost_ioctl_ctrl_module_mutex":{"format":{"r":[22,[1]],"f":1}},"src/traced/probes/ftrace/test/data/android_seed_N2F62_3.10.49/events/kmem/ion_secure_cma_add_to_pool_end":{"format":{"r":[22,[1]],"f":1}}}