{"src/traced/probes/ftrace/test":{"data":{"r":[22,[1],40,[1,0,2],54,[1,1],74,[2],84,[1,0,0,0,1],96,[1,0,0,0,1,1,0,1],118,[1,0,1],127,[1,0,2],136,[1],145,[1,0,1,0,0,1],164,[1,0,0,1,0,0,0,1,1],186,[1],202,[1,0,1,0,1],212,[2,0,2,0,1,1,1,1,0,1],228,[1,1,0,1],240,[1,0,0,1,1,0,0,1,1,1,1,0,0,2,0,0,1,0,2,1,0,1],269,[1,1,0,0,0,1,1,0,1,0,1],292,[1],309,[1,0,1],321,[1,0,0,1,0,1,2,0,0,2,1,0,0,2,2],343,[1,0,0,1,1,1,1],357,[1,2,1],370,[1,1,0,0,1],379,[3],384,[2,0,0,1],393,[1,2,2],402,[1],409,[1,1,2],418,[2,1,0,1]]},"cpu_reader_support.cc":{"r":[22,[1],49,[4],73,[1],89,[1],305,[1],378,[1,1],393,[1]],"f":1},"test_messages.proto":{"r":[22,[1],107,[1],150,[1],379,[1]],"f":1},"cpu_reader_support.h":{"r":[22,[1],89,[1],378,[1]],"f":1},"explorer.html":{"r":[22,[1],151,[1],327,[1]],"f":1},"test_proto_gen.py":{"r":[22,[1],91,[1],163,[1]],"f":1}},"src/ftrace_reader/test/data/android_hammerhead_MRA59G_3.4.0/events/ext4/ext4_sync_file_enter":{"format":{"r":[0,[1],22,[1]],"d":1528121869000,"f":1}},"src/ftrace_reader/test/data/android_seed_N2F62_3.10.49/events/msm_bus/bus_rules_matches":{"format":{"r":[0,[1],22,[1]],"d":1528121869000,"f":1}},"src/ftrace_reader/test/data/android_walleye_OPM5.171019.017.A1_4.4.88/events/vmscan/mm_shrink_slab_end":{"format":{"r":[14,[1],22,[1]],"d":1528121869000,"f":1}},"src/traced/probes/ftrace/test/data/android_walleye_OPM5.171019.017.A1_4.4.88/events/ext4/ext4_ext_remove_space_done":{"format":{"r":[22,[1]],"f":1}},"src/traced/probes/ftrace/test/data/android_walleye_OPM5.171019.017.A1_4.4.88/events/ext4/ext4_request_blocks":{"format":{"r":[22,[1]],"f":1}},"src/traced/probes/ftrace/test/data/android_walleye_OPM5.171019.017.A1_4.4.88/events/spi/spi_transfer_start":{"format":{"r":[22,[1]],"f":1}}}