{"ui/src/core_plugins/chrome_scroll_jank":{"event_latency_details_panel.ts":{"r":[331,[2],342,[1,0,1,0,0,1,2,0,0,2,0,1,0,1,0,2,0,1]],"d":1732054403000,"f":1},"event_latency_track.ts":{"r":[331,[2,0,1],338,[1,1],344,[1,0,0,1,3,0,0,1,0,1,1],359,[2]],"d":1732054403000,"f":1},"index.ts":{"r":[331,[2,1,1,0,0,1,0,0,0,2,0,0,1,1,1,2,2,5,1,0,5,2,3,1,0,1,1,1,3]],"d":1732054403000,"f":1},"jank_colors.ts":{"r":[331,[1],348,[1],355,[1,0,0,0,1]],"d":1732054403000,"f":1},"scroll_delta_graph.ts":{"r":[331,[1,1,0,0,1],340,[1],348,[1],359,[1]],"d":1732054403000,"f":1},"scroll_details_panel.ts":{"r":[331,[2,0,0,0,1,1,0,0,0,1,0,0,0,1,0,0,0,2,0,0,1,0,1,0,0,0,1,0,1]],"d":1732054403000,"f":1},"scroll_jank_cause_link_utils.ts":{"r":[331,[1,1,0,0,1],342,[1],347,[1,2,1,0,2],359,[1]],"d":1732054403000,"f":1},"scroll_jank_cause_map.ts":{"r":[331,[1],359,[1]],"d":1732054403000,"f":1},"scroll_jank_v3_details_panel.ts":{"r":[331,[2,1,0,0,0,1],342,[1,0,1,0,0,0,2,0,0,1,0,1,0,1,0,0,0,1]],"d":1732054403000,"f":1},"scroll_jank_v3_track.ts":{"r":[331,[2,0,1],339,[1],344,[1,0,0,1,3],353,[1,1,1,0,0,0,1]],"d":1732054403000,"f":1},"scroll_track.ts":{"r":[331,[2,0,1],339,[1],344,[1,0,0,1,2],353,[1,1],359,[1]],"d":1732054403000,"f":1},"selection_utils.ts":{"r":[353,[1],359,[1]],"d":1732054403000,"f":1},"chrome_tasks_scroll_jank_track.ts":{"r":[331,[2,0,0,0,1,0,0,0,1],344,[1,0,0,0,1],353,[1]],"d":1728315326000,"f":1},"common.ts":{"r":[331,[1,0,1],344,[1,0,1,1],353,[1]],"d":1728315326000,"f":1},"scroll_jank_slice.ts":{"r":[331,[2,1,0,0,0,1],342,[1,0,1,0,0,1,3,1,0,2,0,1]],"d":1728315326000,"f":1}},"ui/src/tracks/screenshots":{"index.ts":{"r":[299,[1,3,0,2,3,1,1,0,0,0,1,1,0,0,0,1,0,2,2],324,[1,0,0,1,0,0,0,1]],"d":1715192390000,"f":1},"screenshot_panel.ts":{"r":[299,[1],304,[1],315,[1,1],324,[2],331,[1]],"d":1715192390000,"f":1}},"src/traced/probes/ftrace/test/data/android_raven_AOSP.MASTER_5.10.43/events/writeback/writeback_wait_iff_congested":{"format":{"r":[217,[1]],"f":1}},"src/ftrace_reader/test/data/android_walleye_OPM5.171019.017.A1_4.4.88/events/binder/binder_set_priority":{"format":{"r":[14,[1],22,[1]],"d":1528121869000,"f":1}},"src/ftrace_reader/test/data/android_walleye_OPM5.171019.017.A1_4.4.88/events/rmnet_data/__rmnet_deliver_skb":{"format":{"r":[14,[1],22,[1]],"d":1528121869000,"f":1}}}