{"37":[[8,[]],[41,[3]]],"372660931":[[5,[36.66883396990741]],[9,[]],[41,[3]]],"3mille.prenom.nom":[[5,[330.88925063657405]],[10,[]],[41,[1]]],"3ugzilla":[[5,[0]],[9,[]]],"3dindian":[[5,[0]],[9,[]]],"3541ax":[[5,[0]],[9,[]]],"34ttrweoewiwe28":[[5,[0]],[9,[]]]}