{"oalamutu":[[8,[]],[11,[2]]],"obrufau":[[9,[]],[11,[370]],[12,[370]],[13,[370]]],"ochang":[[0,[5]],[1,[5]],[10,[]],[11,[139]],[12,[139]],[13,[139]],[17,[2]],[20,[10]],[26,[1]]],"ochoadaniel":[[8,[]],[11,[1]]],"odama":[[10,[]],[11,[3]]],"odejesush":[[8,[]],[11,[204]],[12,[204]],[13,[204]]],"oetuaho":[[8,[]],[11,[54]],[12,[54]]],"offenwanger":[[8,[]],[11,[62]],[12,[62]]],"ofri":[[4,[]],[9,[]],[11,[11]]],"ofrobots":[[0,[2]],[10,[]],[11,[1]],[17,[87]],[18,[87]]],"ogastorga":[[9,[]],[11,[53]],[12,[53]]],"ognjen.sobajic":[[5,[148.60327387731482]],[10,[]],[11,[2]]],"ohammad":[[9,[]],[11,[6]]],"ohrn":[[0,[2]],[8,[]],[11,[12]],[38,[1]]],"ojan":[[3,[]],[4,[]],[6,[null]],[7,[6819]],[8,[]],[11,[2944]],[12,[2944]],[13,[2944]],[14,[2944]],[15,[2944]],[16,[2944]]],"ojars":[[8,[]],[11,[4]]],"ojh":[[8,[]],[11,[1]]],"oka":[[10,[]],[11,[253]],[12,[253]],[13,[253]]],"okalitova":[[9,[]],[11,[113]],[12,[113]],[13,[113]]],"oksamyt":[[8,[]],[11,[406]],[12,[406]],[13,[406]]],"okudachika":[[8,[]],[11,[15]]],"okuji":[[10,[]],[11,[29]],[12,[29]]],"olakar":[[8,[]],[11,[1]]],"olaola":[[10,[]],[11,[4]]],"olaru":[[8,[]],[11,[5]]],"oleg":[[0,[2]],[4,[]],[9,[]],[11,[79]],[12,[79]],[17,[14]]],"olege":[[4,[]],[10,[]],[11,[3]]],"olegmax":[[0,[2]],[10,[]],[11,[12]],[26,[1]]],"olehougaard":[[0,[2]],[4,[]],[8,[]],[11,[18]],[17,[63]],[18,[63]]],"olesiamarukhno":[[9,[]],[11,[383]],[12,[383]],[13,[383]]],"olilan":[[8,[]],[11,[6]]],"oliver":[[0,[3]],[4,[]],[7,[1103]],[8,[]],[11,[1532]],[12,[1532]],[13,[1532]],[14,[1532]],[15,[1532]],[17,[1]],[41,[8]]],"oliverdunk":[[8,[]],[11,[51]],[12,[51]]],"olivf":[[0,[2]],[9,[]],[11,[9]],[17,[579]],[18,[579]],[19,[579]]],"olivier+chromium":[[8,[]],[11,[3]]],"olivier.tilloy":[[10,[]],[11,[3]]],"olivierli":[[0,[4]],[1,[4]],[10,[]],[11,[460]],[12,[460]],[13,[460]],[17,[1]],[26,[1]],[29,[1]]],"olivierrobin":[[0,[2]],[3,[]],[9,[]],[11,[1094]],[12,[1094]],[13,[1094]],[14,[1094]],[15,[1094]],[29,[1]]],"olka":[[0,[2]],[3,[]],[9,[]],[11,[491]],[12,[491]],[13,[491]],[32,[24]]],"ollel":[[0,[2]],[10,[]],[11,[19]],[38,[1]]],"olli.raula":[[8,[]],[11,[85]],[12,[85]]],"olli.syrjala":[[10,[]],[11,[4]]],"olonho":[[9,[]],[11,[7]]],"olsa":[[8,[]],[11,[40]],[12,[40]]],"olsen":[[8,[]],[11,[112]],[12,[112]],[13,[112]]],"olv":[[0,[2]],[10,[]],[11,[18]],[26,[6]]],"omakovski":[[9,[]],[11,[2]]],"omarflores":[[5,[107.90724385416667]],[8,[]],[11,[12]]],"omarmshawky11":[[5,[308.77943135416666]],[8,[]],[11,[7]]],"omerkatz":[[0,[2]],[7,[3519]],[9,[]],[11,[464]],[12,[464]],[13,[464]],[17,[764]],[18,[764]],[19,[764]]],"omerlevran":[[9,[]],[11,[3]]],"omorsi":[[8,[]],[11,[114]],[12,[114]],[13,[114]]],"omse":[[9,[]],[11,[2]]],"onoto1998":[[8,[]],[11,[1]]],"open.hyperion":[[8,[]],[11,[2]]],"oprypin":[[0,[2]],[6,[null]],[8,[]],[11,[39]],[12,[39]],[32,[263]],[33,[263]],[34,[263]]],"oregongraperoot":[[5,[195.6944892361111]],[8,[]],[11,[2]]],"orenb":[[9,[]],[11,[55]],[12,[55]]],"orglofch":[[10,[]],[11,[12]]],"oribe":[[9,[]],[11,[5]]],"orinj":[[6,[null]],[8,[]],[11,[599]],[12,[599]],[13,[599]],[14,[599]]],"oritm":[[4,[]],[9,[]],[11,[10]]],"orko":[[10,[]],[11,[67]],[12,[67]]],"orko.garai":[[8,[]],[11,[1]]],"orlovskiia":[[10,[]],[11,[4]]],"ormane":[[9,[]],[11,[1]]],"orodley":[[9,[]],[11,[45]],[12,[45]]],"oroshiba":[[10,[]],[11,[16]]],"orphis":[[0,[3]],[7,[1644]],[9,[]],[11,[135]],[12,[135]],[13,[135]],[32,[222]],[33,[222]],[34,[222]],[38,[1]]],"orrb":[[10,[]],[11,[79]],[12,[79]]],"orsibatiz":[[9,[]],[11,[12]]],"ortuno":[[10,[]],[11,[1032]],[12,[1032]],[13,[1032]],[14,[1032]],[15,[1032]]],"osamafathy":[[9,[]],[11,[294]],[12,[294]],[13,[294]]],"osandov":[[10,[]],[11,[1]]],"osaul":[[5,[357.775392037037]],[8,[]],[11,[1]]],"oscarj":[[8,[]],[11,[90]],[12,[90]]],"oscarpan":[[10,[]],[11,[6]]],"oshima":[[0,[2]],[4,[]],[8,[]],[11,[3924]],[12,[3924]],[13,[3924]],[14,[3924]],[15,[3924]],[16,[3924]]],"osieg":[[8,[]],[11,[1]]],"oskopek":[[9,[]],[11,[26]],[12,[26]]],"ossu":[[0,[3]],[9,[]],[11,[88]],[12,[88]],[32,[135]],[33,[135]],[34,[135]],[35,[2]]],"ossy":[[3,[]],[4,[]],[7,[1508]],[8,[]],[11,[2142]],[12,[2142]],[13,[2142]],[14,[2142]],[15,[2142]],[16,[2142]]],"ossy.szeged":[[0,[2]],[8,[]],[11,[6]],[35,[1]]],"ostapenko.viatcheslav":[[9,[]],[11,[13]]],"otara":[[5,[15.242533287037038]],[8,[]],[11,[2]]],"oth":[[0,[2]],[9,[]],[11,[7]],[17,[93]],[18,[93]]],"oto":[[10,[]],[11,[40]],[12,[40]]],"ototot":[[0,[3]],[9,[]],[11,[5]],[26,[3]],[41,[1]]],"otourzan":[[10,[]],[11,[1]]],"otte":[[4,[]],[8,[]],[11,[6]]],"ouch":[[4,[]],[10,[]],[11,[4]]],"ovelius":[[10,[]],[11,[2]]],"overridex":[[10,[]],[11,[1]]],"ovkadurin":[[9,[]],[11,[3]]],"ovn":[[5,[296.96359810185186]],[10,[]],[11,[30]],[12,[30]]],"owenlin":[[10,[]],[11,[91]],[12,[91]]],"owenyuwono":[[8,[]],[11,[1]]],"owenzhang":[[8,[]],[11,[72]],[12,[72]]],"owx":[[8,[]],[11,[10]]],"oxyflush":[[8,[]],[11,[20]]],"oyiptong":[[8,[]],[11,[99]],[12,[99]]],"oysteine":[[0,[3]],[8,[]],[11,[435]],[12,[435]],[13,[435]],[26,[1]]],"ozgeneren":[[10,[]],[11,[6]]],"olof":[[5,[0]],[9,[]]],"olofj":[[5,[0]],[9,[]]],"omkarvijay":[[5,[0]],[9,[]]],"omoikane":[[5,[0]],[9,[]]],"omrilio":[[5,[0]],[9,[]]],"opensource":[[5,[0]],[9,[]]],"otjdavies":[[5,[0]],[9,[]]],"odeedee":[[8,[]],[17,[1]]],"oleksandr.chekhovskyi":[[8,[]],[17,[1]]],"olivernewman":[[8,[]],[26,[1]]],"olliedawes":[[10,[]],[26,[1]]],"o.hushchenkov":[[9,[]],[38,[1]]],"omotsok":[[10,[]],[38,[3]]],"oliver.wolff":[[5,[0]],[9,[]]],"olivier.crete":[[8,[]],[32,[1]]],"oseg":[[9,[]],[32,[2]]],"ouj":[[8,[]],[32,[39]],[33,[39]]],"owb":[[8,[]],[32,[1]]],"oliviadang":[[5,[0]],[9,[]]],"octaviant":[[5,[0]],[9,[]]],"octaviantuchila14":[[5,[0]],[9,[]]],"olvaffe":[[5,[0]],[9,[]]],"omo":[[5,[0]],[9,[]]],"oliverchang":[[7,[1209]],[9,[]],[20,[774]],[21,[774]],[22,[774]]],"onkarshinde1320":[[5,[160.93730619212963]],[10,[]],[20,[1]]],"oshinde":[[5,[143.02876452546298]],[10,[]],[20,[3]]],"oberrich.llvm":[[10,[]],[41,[1]]],"oblita":[[10,[]],[41,[12]]],"obruns":[[8,[]],[41,[1]]],"observer007":[[5,[205.38130064814814]],[10,[]],[41,[3]]],"och95":[[8,[]],[41,[64]],[42,[64]]],"octopus.busts_0w":[[5,[345.07193722222223]],[9,[]],[41,[4]]],"ofekshilon":[[10,[]],[41,[1]]],"offsetof":[[5,[297.12920574074076]],[9,[]],[41,[1]]],"ofri-frishman":[[5,[162.0608724074074]],[9,[]],[41,[1]]],"ofv":[[3,[]],[4,[]],[9,[]],[41,[377]],[42,[377]],[43,[377]]],"ogiroux":[[10,[]],[41,[8]]],"ognianm":[[5,[96.77534001157407]],[8,[]],[41,[1]]],"ogoffart":[[8,[]],[41,[29]],[42,[29]]],"ohsallen":[[10,[]],[41,[12]]],"ohunt":[[9,[]],[41,[1]]],"ojomojo":[[4,[]],[10,[]],[41,[12]]],"okir":[[8,[]],[41,[17]]],"okkwon":[[8,[]],[41,[9]]],"okuraofvegetable":[[8,[]],[41,[32]],[42,[32]]],"okwan":[[8,[]],[41,[7]]],"oleg.smolsky":[[9,[]],[41,[1]]],"oleg.tolmatcev":[[8,[]],[41,[3]]],"oleksandr.tarasiuk":[[5,[294.3797960300926]],[8,[]],[41,[54]],[42,[54]]],"oleksii.odynochenko":[[8,[]],[41,[1]]],"olemarius.strohm":[[8,[]],[41,[11]]],"olga.malysheva":[[9,[]],[41,[3]]],"oliver.cruickshank":[[10,[]],[41,[12]]],"oliver.stannard":[[9,[]],[41,[371]],[42,[371]],[43,[371]]],"omair.javaid":[[8,[]],[41,[333]],[42,[333]],[43,[333]]],"omarpirate2010":[[9,[]],[41,[2]]],"omarpiratee2010":[[8,[]],[41,[1]]],"omer.paparo.bivas":[[9,[]],[41,[7]]],"omeraviram1":[[9,[]],[41,[3]]],"omsuseela":[[5,[327.9684187152778]],[10,[]],[41,[1]]],"omtcyfz":[[8,[]],[41,[66]],[42,[66]]],"ondrasej":[[9,[]],[41,[1]]],"one.last.kiss":[[5,[6.147110844907408]],[9,[]],[41,[1]]],"oontvoo":[[5,[267.00499278935183]],[10,[]],[41,[2]]],"optimisan":[[5,[129.31944880787037]],[8,[]],[41,[5]]],"oracle-main":[[5,[152.75458769675927]],[8,[]],[41,[1]]],"oraluben":[[5,[341.75952982638887]],[8,[]],[41,[1]]],"oranevskyy":[[10,[]],[41,[19]]],"oren.ben.simhon":[[8,[]],[41,[33]],[42,[33]]],"orion160":[[5,[276.9931409375]],[10,[]],[41,[1]]],"orivej":[[10,[]],[41,[1]]],"orlando.hyams":[[8,[]],[41,[306]],[42,[306]],[43,[306]]],"orzivh":[[5,[292.2303168634259]],[8,[]],[41,[1]]],"oskar":[[8,[]],[41,[1]]],"oskar.wirga":[[5,[315.7447497337963]],[8,[]],[41,[1]]],"oskarwirga":[[8,[]],[41,[8]]],"ouhang.kresnik.zero":[[9,[]],[41,[2]]],"outofcache":[[9,[]],[41,[15]]],