{"qasid":[[9,[]],[12,[5,10,7,4,2,1,0]],[18,[29]],[19,[29]]],"qaz":[[8,[]],[15,[0,0,1,0,2,0,0]],[18,[3]]],"qfel":[[8,[]],[11,[3,2,0,2,0,0,0]],[18,[7]]],"qfiard":[[9,[]],[12,[2,3,2,1,2,0,0]],[18,[10]]],"qghc36":[[4,[2011]],[10,[]],[12,[2,4,4,1,2,2,3]],[13,[2,4,4,1,2,2,3]],[18,[18]]],"qi.2.zhang":[[4,[2011]],[10,[]],[14,[2,2,4,6,5,2,0]],[18,[21]]],"qi1988.yang":[[9,[]],[14,[1,2,2,5,1,1,0]],[18,[12]]],"qian.zheqi":[[9,[]],[11,[1,0,0,0,0,0,0]],[18,[1]]],"qiangchen":[[0,[2]],[8,[]],[13,[17,20,32,19,31,0,0]],[18,[103]],[19,[103]],[20,[103]],[39,[16]]],"qiankun.miao":[[0,[2]],[10,[]],[14,[17,39,49,53,44,22,5]],[18,[194]],[19,[194]],[20,[194]],[33,[35]],[34,[35]]],"qianwan":[[8,[]],[12,[3,7,3,5,2,0,0]],[18,[20]]],"qiaye":[[8,[]],[15,[0,0,2,1,3,0,0]],[18,[6]]],"qib":[[8,[]],[13,[14,13,20,20,12,0,1]],[14,[14,13,20,20,12,0,1]],[18,[80]],[19,[80]]],"qihuizhao":[[10,[]],[14,[2,70,70,78,78,69,4]],[15,[2,70,70,78,78,69,4]],[18,[371]],[19,[371]],[20,[371]]],"qikaizhong":[[5,[133.7758858912037]],[10,[]],[14,[6,9,6,10,4,0,0]],[18,[35]],[19,[35]]],"qilin":[[8,[]],[12,[1,2,0,1,0,0,0]],[18,[4]]],"qing.zhang":[[9,[]],[13,[0,0,1,0,0,0,0]],[18,[1]]],"qingchengl":[[8,[]],[13,[0,0,1,0,0,0,0]],[18,[1]]],"qinghualiu":[[0,[2]],[8,[]],[12,[0,1,0,0,1,0,0]],[15,[0,1,0,0,1,0,0]],[18,[1]],[39,[1]]],"qingmei.li":[[10,[]],[11,[1,0,0,1,0,0,0]],[14,[1,0,0,1,0,0,0]],[18,[2]]],"qingsi":[[0,[2]],[8,[]],[12,[22,43,33,27,23,0,2]],[18,[40]],[19,[40]],[39,[110]],[40,[110]],[41,[110]]],"qingxinwu":[[10,[]],[15,[3,39,30,26,42,28,0]],[18,[168]],[19,[168]],[20,[168]]],"qinjidong":[[10,[]],[12,[0,2,0,0,0,0,0]],[18,[2]]],"qinmin":[[8,[]],[12,[336,389,380,378,340,25,16]],[18,[1864]],[19,[1864]],[20,[1864]],[21,[1864]],[22,[1864]]],"qinxialei":[[10,[]],[12,[1,3,1,3,0,0,0]],[14,[1,3,1,3,0,0,0]],[18,[8]]],"qitiezheng":[[0,[2]],[10,[]],[11,[14,13,10,12,8,5,0]],[18,[59]],[19,[59]],[36,[3]]],"qiujiao.wu":[[0,[2]],[9,[]],[12,[1,4,2,0,3,1,0]],[18,[1]],[39,[10]]],"qiutanw":[[9,[]],[13,[0,0,1,0,1,0,0]],[15,[0,0,1,0,1,0,0]],[18,[2]]],"qiy":[[9,[]],[15,[0,0,0,0,2,0,0]],[18,[2]]],"qiyaoyuan":[[9,[]],[14,[0,0,0,1,1,1,0]],[15,[0,0,0,1,1,1,0]],[16,[0,0,0,1,1,1,0]],[18,[3]]],"qiyuh":[[8,[]],[12,[10,12,8,10,4,0,0]],[18,[44]],[19,[44]]],"qjw":[[0,[6]],[1,[6]],[2,[6]],[10,[]],[12,[46,95,82,79,76,1,3]],[18,[372]],[19,[372]],[20,[372]],[24,[4]],[30,[1]],[33,[1]],[39,[4]]],"qlucyk":[[5,[28.391013229166667]],[10,[]],[14,[0,0,0,1,0,1,0]],[16,[0,0,0,1,0,1,0]],[18,[2]]],"qnnguyen":[[8,[]],[12,[16,20,15,15,17,0,0]],[18,[83]],[19,[83]]],"qpubert":[[9,[]],[13,[124,118,144,99,127,1,0]],[18,[613]],[19,[613]],[20,[613]],[21,[613]]],"qqkillyou":[[8,[]],[14,[6,6,7,8,3,0,1]],[18,[31]],[19,[31]]],"qsr":[[0,[3]],[4,[2011]],[9,[]],[13,[65,79,91,91,69,3,1]],[14,[65,79,91,91,69,3,1]],[18,[395]],[19,[395]],[20,[395]],[45,[2]],[48,[2]]],"qtc746":[[4,[2011]],[9,[]],[14,[0,0,0,3,2,0,0]],[18,[5]]],"quacht":[[9,[]],[12,[2,7,5,1,4,4,0]],[18,[23]]],"quacksort":[[5,[267.59270305555555]],[8,[]],[14,[11,11,9,18,10,0,1]],[18,[60]],[19,[60]]],"quanwanandy":[[0,[2]],[8,[]],[13,[1,1,3,1,1,0,0]],[18,[1]],[48,[6]]],"quarz":[[5,[48.32409194444445]],[8,[]],[11,[4,3,0,1,1,0,0]],[18,[9]]],"quavo":[[10,[]],[13,[0,0,1,1,1,0,0]],[14,[0,0,1,1,1,0,0]],[15,[0,0,1,1,1,0,0]],[18,[3]]],"queeniezhang":[[5,[272.19660351851854]],[8,[]],[15,[2,2,1,2,3,0,0]],[18,[10]]],"qufighter":[[10,[]],[13,[0,0,1,0,0,0,0]],[18,[1]]],"quiche":[[10,[]],[15,[1,2,3,3,8,7,0]],[18,[24]]],"qwandor":[[8,[]],[12,[1,3,3,1,2,0,1]],[13,[1,3,3,1,2,0,1]],[18,[11]]],"qwp":[[8,[]],[13,[0,1,2,2,2,0,0]],[14,[0,1,2,2,2,0,0]],[15,[0,1,2,2,2,0,0]],[18,[7]]],"qyearsley":[[0,[3]],[6,[null]],[7,[1631]],[8,[]],[14,[203,245,236,259,180,49,29]],[18,[1196]],[19,[1196]],[20,[1196]],[21,[1196]],[22,[1196]],[24,[4]],[45,[1]]],"qzmiss":[[0,[2]],[8,[]],[11,[1,0,0,1,1,0,0]],[14,[1,0,0,1,1,0,0]],[15,[1,0,0,1,1,0,0]],[18,[1]],[24,[2]]],"qingwu.zhang":[[5,[0]],[9,[]],[11,[0,0,0,0,0,0,0]],[12,[0,0,0,0,0,0,0]],[13,[0,0,0,0,0,0,0]],[14,[0,0,0,0,0,0,0]],[15,[0,0,0,0,0,0,0]],[16,[0,0,0,0,0,0,0]],[17,[0,0,0,0,0,0,0]]],"qinsiyu":[[5,[0]],[9,[]],[11,[0,0,0,0,0,0,0]],[12,[0,0,0,0,0,0,0]],[13,[0,0,0,0,0,0,0]],[14,[0,0,0,0,0,0,0]],[15,[0,0,0,0,0,0,0]],[16,[0,0,0,0,0,0,0]],[17,[0,0,0,0,0,0,0]]],"qinwentao":[[5,[0]],[9,[]],[11,[0,0,0,0,0,0,0]],[12,[0,0,0,0,0,0,0]],[13,[0,0,0,0,0,0,0]],[14,[0,0,0,0,0,0,0]],[15,[0,0,0,0,0,0,0]],[16,[0,0,0,0,0,0,0]],[17,[0,0,0,0,0,0,0]]],"quasisec":[[5,[0]],[9,[]],[11,[0,0,0,0,0,0,0]],[12,[0,0,0,0,0,0,0]],[13,[0,0,0,0,0,0,0]],[14,[0,0,0,0,0,0,0]],[15,[0,0,0,0,0,0,0]],[16,[0,0,0,0,0,0,0]],[17,[0,0,0,0,0,0,0]]],"qingyan.liqy":[[9,[]],[12,[0,2,1,0,0,0,0]],[24,[3]]],"qiuji":[[10,[]],[14,[5,10,6,14,4,0,1]],[24,[40]],[25,[40]]],"qiuji.odyssey":[[10,[]],[11,[0,0,0,0,0,0,0]],[12,[0,0,0,0,0,0,0]],[13,[0,0,0,0,0,0,0]],[14,[0,0,0,0,0,0,0]],[15,[0,0,0,0,0,0,0]],[16,[0,0,0,0,0,0,0]],[17,[0,0,0,0,0,0,0]]],"qiuyi.zqy":[[8,[]],[14,[0,0,0,1,0,0,0]],[24,[1]]],"qdeng":[[5,[0]],[9,[]],[11,[0,0,0,0,0,0,0]],[12,[0,0,0,0,0,0,0]],[13,[0,0,0,0,0,0,0]],[14,[0,0,0,0,0,0,0]],[15,[0,0,0,0,0,0,0]],[16,[0,0,0,0,0,0,0]],[17,[0,0,0,0,0,0,0]]],"quic_acaggian":[[5,[0]],[9,[]],[11,[0,0,0,0,0,0,0]],[12,[0,0,0,0,0,0,0]],[13,[0,0,0,0,0,0,0]],[14,[0,0,0,0,0,0,0]],[15,[0,0,0,0,0,0,0]],[16,[0,0,0,0,0,0,0]],[17,[0,0,0,0,0,0,0]]],"qining":[[10,[]],[15,[1,0,0,0,4,0,0]],[42,[5]]],"qinzhao":[[5,[0]],[9,[]],[11,[0,0,0,0,0,0,0]],[12,[0,0,0,0,0,0,0]],[13,[0,0,0,0,0,0,0]],[14,[0,0,0,0,0,0,0]],[15,[0,0,0,0,0,0,0]],[16,[0,0,0,0,0,0,0]],[17,[0,0,0,0,0,0,0]]],"qiuruiheng":[[5,[0]],[9,[]],[11,[0,0,0,0,0,0,0]],[12,[0,0,0,0,0,0,0]],[13,[0,0,0,0,0,0,0]],[14,[0,0,0,0,0,0,0]],[15,[0,0,0,0,0,0,0]],[16,[0,0,0,0,0,0,0]],[17,[0,0,0,0,0,0,0]]],"qyousef":[[5,[0]],[9,[]],[11,[0,0,0,0,0,0,0]],[12,[0,0,0,0,0,0,0]],[13,[0,0,0,0,0,0,0]],[14,[0,0,0,0,0,0,0]],[15,[0,0,0,0,0,0,0]],[16,[0,0,0,0,0,0,0]],[17,[0,0,0,0,0,0,0]]],"quanyangsc":[[10,[]],[13,[1,3,4,1,1,0,0]],[27,[10]]],"qyeo":[[5,[31.363575208333334]],[10,[]],[11,[1,0,0,0,0,0,0]],[27,[1]]],"q3k":[[8,[]],[15,[0,0,0,1,2,0,0]],[48,[3]]],"qasdfgtyuiop":[[8,[]],[14,[0,0,0,2,0,0,0]],[48,[2]]],"qazwsxedcrfvtg14":[[8,[]],[12,[0,1,0,0,0,0,0]],[48,[1]]],"qcai8733":[[9,[]],[15,[2,1,1,0,3,0,1]],[48,[8]]],"qcf":[[10,[]],[11,[2,0,0,1,1,0,1]],[48,[5]]],"qcolombet":[[8,[]],[15,[146,103,138,158,165,0,0]],[48,[710]],[49,[710]],[50,[710]]],"qdelacru":[[10,[]],[13,[0,0,3,0,0,0,0]],[48,[3]]],"qi.hu":[[9,[]],[14,[1,0,1,2,0,0,0]],[48,[4]]],"qianzhen":[[10,[]],[12,[0,1,0,0,0,0,1]],[17,[0,1,0,0,0,0,1]],[48,[2]]],"qiaojin.bao":[[8,[]],[11,[1,0,0,0,0,0,0]],[48,[1]]],"qiaopeixin":[[9,[]],[13,[13,23,37,12,20,14,5]],[48,[124]],[49,[124]],[50,[124]]],"qichao.gu":[[9,[]],[12,[0,1,0,0,0,0,0]],[48,[1]]],"qijitao":[[8,[]],[16,[0,0,0,0,0,1,0]],[48,[1]]],"qinkun":[[5,[314.8212387962963]],[10,[]],[12,[1,10,8,7,6,6,3]],[48,[41]],[49,[41]]],"qiongsi_wu":[[5,[89.88728046296296]],[10,[]],[14,[0,0,0,1,0,1,0]],[16,[0,0,0,1,0,1,0]],[48,[2]]],"qiongsiwu":[[10,[]],[12,[1,13,8,11,12,8,0]],[48,[53]],[49,[53]]],"qiucofan":[[10,[]],[11,[53,44,51,40,36,11,10]],[48,[245]],[49,[245]],[50,[245]]],"qiurenjie":[[8,[]],[13,[0,0,1,0,0,0,0]],[48,[1]]],"qixingxue":[[9,[]],[11,[1,0,0,1,1,0,0]],[14,[1,0,0,1,1,0,0]],[15,[1,0,0,1,1,0,0]],[48,[3]]],"qiyupei":[[10,[]],[17,[0,0,0,0,0,0,1]],[48,[1]]],"qshanz":[[10,[]],[11,[28,19,26,13,24,2,0]],[48,[112]],[49,[112]],[50,[112]]],"quanzhuo":[[5,[95.11233834490741]],[9,[]],[12,[0,2,0,0,0,0,1]],[48,[3]]],"quentin.chateau":[[8,[]],[11,[3,2,0,0,1,0,0]],[48,[6]]],"quentin.colombet":[[8,[]],[11,[23,16,17,19,21,1,0]],[48,[97]],[49,[97]]],"quic-akaryaki":[[8,[]],[14,[0,1,0,2,1,0,0]],[48,[4]]],"quic-asaravan":[[10,[]],[13,[0,0,1,0,0,0,0]],[48,[1]]],"quic-garvgupt":[[9,[]],[15,[0,0,0,0,1,0,0]],[48,[1]]],"quic_aankit":[[8,[]],[14,[1,0,0,3,2,0,0]],[48,[6]]],"quic_aelliott":[[3,[]],[10,[]],[12,[7,27,18,10,12,14,2]],[48,[90]],[49,[90]]],"quic_akashag":[[5,[255.68164390046297]],[8,[]],[14,[0,0,0,1,0,0,1]],[17,[0,0,0,1,0,0,1]],[48,[2]]],"quic_arangasa":[[8,[]],[13,[0,0,2,0,0,0,0]],[48,[2]]],"quic_asahay":[[10,[]],[14,[1,0,0,2,0,0,0]],[48,[3]]],