{"w.shackleton":[[8,[]],[11,[9]]],"waffles":[[7,[1072]],[10,[]],[11,[1093]],[12,[1093]],[13,[1093]],[14,[1093]],[15,[1093]]],"wahahab11":[[10,[]],[11,[6]]],"waihong":[[8,[]],[11,[1]]],"wajahat.s":[[10,[]],[11,[16]]],"walczakm":[[10,[]],[11,[3]]],"waldman":[[8,[]],[11,[2]]],"walker":[[10,[]],[11,[1]]],"waltercacau":[[8,[]],[11,[13]]],"wamia":[[10,[]],[11,[7]]],"wanchang.ryu":[[8,[]],[11,[19]]],"wanderview":[[10,[]],[11,[373]],[12,[373]],[13,[373]]],"wangao.james":[[0,[2]],[8,[]],[11,[1]],[17,[161]],[18,[161]],[19,[161]]],"wangchen20":[[10,[]],[11,[1]]],"wangdanny":[[8,[]],[11,[326]],[12,[326]],[13,[326]]],"wangedward":[[8,[]],[11,[2]]],"wanggao":[[10,[]],[11,[2]]],"wangge":[[9,[]],[11,[5]]],"wanghaifan":[[8,[]],[11,[41]],[12,[41]]],"wanghui07050707":[[10,[]],[11,[4]]],"wanghui210":[[10,[]],[11,[49]],[12,[49]]],"wangjimmy":[[10,[]],[11,[10]]],"wangjuna":[[10,[]],[11,[6]]],"wangpei":[[9,[]],[11,[4]]],"wangqing-hf":[[0,[6]],[1,[6]],[2,[6]],[9,[]],[11,[37]],[12,[37]],[23,[2]],[29,[8]],[32,[1]],[35,[6]],[38,[1]]],"wangshicheng":[[10,[]],[11,[1]]],"wangsongjin":[[5,[149.94442319444445]],[10,[]],[11,[1]]],"wangww":[[8,[]],[11,[2]]],"wangxianzhu":[[0,[2]],[3,[]],[4,[]],[6,[null]],[7,[1360]],[8,[]],[11,[5449]],[12,[5449]],[13,[5449]],[14,[5449]],[15,[5449]],[16,[5449]],[26,[10]]],"wangyix":[[0,[2]],[8,[]],[11,[74]],[12,[74]],[26,[25]],[27,[25]]],"wangyj":[[5,[16.568763506944446]],[9,[]],[11,[2]]],"wanming.lin":[[9,[]],[11,[54]],[12,[54]]],"wanpeng":[[8,[]],[11,[1]]],"warx":[[8,[]],[11,[390]],[12,[390]],[13,[390]]],"watfordcalvin":[[8,[]],[11,[3]]],"watk":[[0,[3]],[9,[]],[11,[282]],[12,[282]],[13,[282]],[29,[1]],[38,[2]]],"wawa":[[8,[]],[11,[1]]],"wayne_kung":[[8,[]],[11,[2]]],"waynepie":[[0,[2]],[8,[]],[11,[1]],[38,[2]]],"waywardgeek":[[5,[316.0264139814815]],[10,[]],[11,[1]]],"wbielawski":[[10,[]],[11,[24]]],"wbjacksonjr":[[9,[]],[11,[82]],[12,[82]]],"wcwang":[[8,[]],[11,[292]],[12,[292]],[13,[292]]],"wdg":[[8,[]],[11,[5]]],"wdzeng":[[10,[]],[11,[5]]],"wdzierzanowski":[[8,[]],[11,[167]],[12,[167]],[13,[167]]],"wei.c.li":[[9,[]],[11,[1]]],"wei4.wang":[[9,[]],[11,[117]],[12,[117]],[13,[117]]],"weidongg":[[8,[]],[11,[320]],[12,[320]],[13,[320]]],"weidongliu":[[10,[]],[11,[225]],[12,[225]],[13,[225]]],"weigua":[[10,[]],[11,[13]]],"weili":[[0,[2]],[8,[]],[11,[339]],[12,[339]],[13,[339]],[26,[1]]],"weiliangc":[[0,[2]],[8,[]],[11,[296]],[12,[296]],[13,[296]],[26,[6]]],"weiluanwang":[[10,[]],[11,[79]],[12,[79]]],"weilwnchen":[[8,[]],[11,[1]]],"weinig":[[3,[]],[4,[]],[8,[]],[11,[2390]],[12,[2390]],[13,[2390]],[14,[2390]],[15,[2390]],[16,[2390]]],"weiran":[[8,[]],[11,[10]]],"weisert":[[10,[]],[11,[9]]],"weishengsu":[[9,[]],[11,[6]]],"weitaosu":[[8,[]],[11,[100]],[12,[100]],[13,[100]]],"weiweilin":[[9,[]],[11,[1]]],"weizhong":[[6,[null]],[7,[1360]],[8,[]],[11,[907]],[12,[907]],[13,[907]],[14,[907]]],"wenbinzhang":[[8,[]],[11,[263]],[12,[263]],[13,[263]]],"wenbojie":[[10,[]],[11,[443]],[12,[443]],[13,[443]]],"wenjinm":[[8,[]],[11,[3]]],"wens":[[8,[]],[11,[6]]],"wensh":[[8,[]],[11,[13]]],"wensheng.he":[[9,[]],[11,[7]]],"wenst":[[10,[]],[11,[72]],[12,[72]]],"wenwei.wenwei":[[10,[]],[11,[1]]],"wenyufu":[[0,[2]],[8,[]],[11,[870]],[12,[870]],[13,[870]],[14,[870]]],"wesleylancel":[[8,[]],[11,[5]]],"wesleymoy":[[0,[2]],[10,[]],[11,[1]],[38,[1]]],"wesokuhara":[[8,[]],[11,[1031]],[12,[1031]],[13,[1031]],[14,[1031]],[15,[1031]]],"wez":[[0,[5]],[1,[5]],[3,[]],[4,[]],[8,[]],[11,[1961]],[12,[1961]],[13,[1961]],[14,[1961]],[15,[1961]],[17,[23]],[29,[14]],[32,[3]],[35,[1]]],"wfh":[[0,[6]],[1,[6]],[2,[6]],[6,[null]],[8,[]],[11,[1066]],[12,[1066]],[13,[1066]],[14,[1066]],[15,[1066]],[17,[3]],[26,[1]],[32,[1]],[38,[1]]],"wfurr":[[8,[]],[11,[1]]],"whalechang":[[10,[]],[11,[32]],[12,[32]]],"whesse":[[0,[3]],[4,[]],[9,[]],[11,[28]],[12,[28]],[17,[533]],[18,[533]],[19,[533]],[26,[2]]],"whhone":[[8,[]],[11,[1]]],"whunt":[[0,[2]],[8,[]],[11,[20]],[41,[75]],[42,[75]]],"whyuan":[[8,[]],[11,[1]]],"wibling":[[3,[]],[9,[]],[11,[110]],[12,[110]],[13,[110]]],"wicarr":[[10,[]],[11,[44]],[12,[44]]],"wick.linxunjie":[[5,[31.313809907407407]],[8,[]],[11,[1]]],"wierichs":[[10,[]],[11,[5]]],"wiley":[[8,[]],[11,[3]]],"wilkinsonclay":[[10,[]],[11,[3]]],"willchan":[[3,[]],[4,[]],[8,[]],[11,[815]],[12,[815]],[13,[815]],[14,[815]]],"william.xie":[[9,[]],[11,[27]],[12,[27]]],"williamlin":[[8,[]],[11,[9]]],"williskung":[[8,[]],[11,[1]]],"willmcleod":[[8,[]],[11,[1]]],"willwatts.ww":[[9,[]],[11,[1]]],"willxu":[[10,[]],[11,[5]]],"wilsonlow":[[5,[76.62026824074074]],[8,[]],[11,[14]]],"wiltzius":[[8,[]],[11,[21]]],"wingo":[[0,[3]],[9,[]],[11,[18]],[17,[204]],[18,[204]],[19,[204]],[41,[38]],[42,[38]]],"winston.c1":[[8,[]],[11,[2]]],"wintermarkedward":[[8,[]],[11,[3]]],"wintermelons":[[8,[]],[11,[51]],[12,[51]]],"wiss":[[8,[]],[11,[82]],[12,[82]]],"withlhw":[[10,[]],[11,[3]]],"wittman":[[0,[2]],[8,[]],[11,[642]],[12,[642]],[13,[642]],[14,[642]]],"wittrock":[[10,[]],[11,[3]]],"wjarosik":[[10,[]],[11,[2]]],"wjdgurdl272":[[10,[]],[11,[1]]],"wjia":[[0,[3]],[4,[]],[8,[]],[11,[281]],[12,[281]],[13,[281]],[32,[23]],[38,[1]]],"wjmaclean":[[0,[2]],[3,[]],[4,[]],[10,[]],[11,[1045]],[12,[1045]],[13,[1045]],[14,[1045]],[15,[1045]],[26,[10]]],"wjywbs":[[0,[2]],[10,[]],[11,[34]],[12,[34]],[32,[2]]],"wkorman":[[8,[]],[11,[677]],[12,[677]],[13,[677]],[14,[677]]],"wladek":[[9,[]],[11,[2]]],"wmahon":[[8,[]],[11,[38]],[12,[38]]],"wmaslowski":[[9,[]],[11,[4]]],"wnhuang":[[8,[]],[11,[2]]],"wnwen":[[0,[3]],[3,[]],[10,[]],[11,[1273]],[12,[1273]],[13,[1273]],[14,[1273]],[15,[1273]],[32,[4]]],"wolenetz":[[8,[]],[11,[584]],[12,[584]],[13,[584]],[14,[584]]],"wolfi":[[9,[]],[11,[239]],[12,[239]],[13,[239]]],"wonchung":[[10,[]],[11,[15]]],"wongchris":[[9,[]],[11,[1]]],"wonko":[[8,[]],[11,[1]]],"wonsik":[[9,[]],[11,[25]],[12,[25]]],"woonkyong.kim":[[10,[]],[11,[1]]],"wreplin":[[10,[]],[11,[3]]],"wrlewis":[[8,[]],[11,[34]],[12,[34]]],"wrm364":[[4,[]],[8,[]],[11,[1]]],"wrong":[[0,[2]],[10,[]],[11,[330]],[12,[330]],[13,[330]]],"wry":[[8,[]],[11,[41]],[12,[41]]],"wsiegrist":[[4,[]],[10,[]],[11,[42]],[12,[42]]],"wtc":[[0,[4]],[1,[4]],[3,[]],[4,[]],[8,[]],[11,[1583]],[12,[1583]],[13,[1583]],[14,[1583]],[15,[1583]],[17,[1]],[26,[1]],[32,[25]],[33,[25]]],"wtlee":[[10,[]],[11,[500]],[12,[500]],[13,[500]],[14,[500]]],"wuandy":[[10,[]],[11,[49]],[12,[49]]],"wub":[[10,[]],[11,[79]],[12,[79]]],"wuchengli":[[0,[2]],[10,[]],[11,[104]],[12,[104]],[13,[104]],[32,[11]]],"wuguobin.1229":[[5,[224.5719349652778]],[9,[]],[11,[3]]],"wuhu":[[8,[]],[11,[26]],[12,[26]]],"wujinli":[[5,[133.3083470023148]],[8,[]],[11,[1]]],"wujinli.cn":[[10,[]],[11,[2]]],"wutao":[[0,[2]],[8,[]],[11,[838]],[12,[838]],[13,[838]],[14,[838]],[26,[3]]],"wuwang":[[8,[]],[11,[102]],[12,[102]],[13,[102]]],"wuyingbing":[[9,[]],[11,[19]]],"wvk":[[8,[]],[11,[46]],[12,[46]]],"wwcohen":[[9,[]],[11,[1]]],"wwigham":[[9,[]],[11,[7]]],"wxjg68":[[4,[]],[8,[]],[11,[3]]],"wxt":[[10,[]],[11,[1]]],"wxyz":[[9,[]],[11,[1]]],"wychen":[[0,[5]],[1,[5]],[8,[]],[11,[726]],[12,[726]],[13,[726]],[14,[726]],[17,[1]],[26,[1]],[29,[1]],[38,[1]]],"wyck":[[4,[]],[10,[]],[11,[30]],[12,[30]]],"wyeager":[[0,[2]],[10,[]],[11,[93]],[12,[93]],[29,[1]]],"wylieb":[[8,[]],[11,[1300]],[12,[1300]],[13,[1300]],[14,[1300]],[15,[1300]]],"wzang":[[8,[]],[11,[381]],[12,[381]],[13,[381]]],"wzhong":[[0,[2]],[8,[]],[11,[14]],[32,[1]]],"wad":[[5,[0]],[9,[]]],"wangganxiang":[[5,[0]],[9,[]]],"wangzhao5":[[5,[0]],[9,[]]],"wbbradley":[[5,[0]],[9,[]]],"wei.meng":[[5,[0]],[9,[]]],"weijiahong":[[5,[0]],[9,[]]],"weishunc":[[5,[0]],[9,[]]],"weix.meng":[[5,[0]],[9,[]]],"wenkai.du":[[5,[0]],[9,[]]],"west.cheng":[[5,[0]],[9,[]]],"wfrichar":[[5,[0]],[9,[]]],"wgd":[[5,[0]],[9,[]]],"wgk":[[5,[0]],[9,[]]],"wilsonlu":[[5,[0]],[9,[]]],"wklin":[[5,[0]],[9,[]]],"wmacek":[[5,[0]],[9,[]]],"wmurphy":[[5,[0]],[9,[]]],"wonderfly":[[5,[0]],[9,[]]],"woodychow":[[5,[0]],[9,[]]],"wyszynski":[[5,[0]],[9,[]]],"wyuang":[[5,[0]],[9,[]]],"waelj":[[10,[]],[17,[1]]],"waelsy123":[[8,[]],[17,[1]]],"waldron.rick":[[9,[]],[17,[1]]],"wangrong089":[[9,[]],[17,[3]]],