{"xaerox":[[9,[]],[11,[3]]],"xafster":[[10,[]],[11,[3]]],"xan":[[4,[]],[8,[]],[11,[606]],[12,[606]],[13,[606]],[14,[606]]],"xanth":[[10,[]],[11,[46]],[12,[46]]],"xbhatnag":[[10,[]],[11,[1]]],"xdai":[[8,[]],[11,[743]],[12,[743]],[13,[743]],[14,[743]]],"xdsun":[[8,[]],[11,[3]]],"xeor":[[9,[]],[11,[3]]],"xhwang":[[0,[4]],[1,[4]],[3,[]],[4,[]],[8,[]],[11,[2580]],[12,[2580]],[13,[2580]],[14,[2580]],[15,[2580]],[16,[2580]],[29,[1]],[32,[1]],[38,[1]]],"xialinyan":[[10,[]]],"xiang.long":[[10,[]],[11,[44]],[12,[44]]],"xiangdongkong":[[8,[]],[11,[341]],[12,[341]],[13,[341]]],"xianglu":[[10,[]],[11,[19]]],"xiangxiao":[[8,[]],[11,[52]],[12,[52]]],"xiangze.zhang":[[0,[2]],[9,[]],[11,[8]],[26,[3]]],"xians":[[0,[2]],[4,[]],[9,[]],[11,[334]],[12,[334]],[13,[334]],[32,[92]],[33,[92]]],"xiaobincui":[[5,[145.27510633101852]],[8,[]],[11,[1]]],"xiaochengh":[[7,[1678]],[8,[]],[11,[2064]],[12,[2064]],[13,[2064]],[14,[2064]],[15,[2064]],[16,[2064]]],"xiaochenzh":[[10,[]],[11,[203]],[12,[203]],[13,[203]]],"xiaochu":[[8,[]],[11,[57]],[12,[57]]],"xiaochunzhao":[[9,[]],[11,[2]]],"xiaofeihan":[[10,[]],[11,[7]]],"xiaofeng.zhang":[[10,[]],[11,[41]],[12,[41]]],"xiaohanzhao":[[5,[35.70254847222222]],[9,[]],[11,[1]]],"xiaohuic":[[8,[]],[11,[528]],[12,[528]],[13,[528]],[14,[528]]],"xiaolingbao":[[8,[]],[11,[392]],[12,[392]],[13,[392]]],"xiaom":[[5,[262.288740625]],[8,[]],[11,[11]]],"xiaomings":[[8,[]],[11,[13]]],"xiaoshu":[[9,[]],[11,[1]]],"xiaowenx":[[10,[]],[11,[2]]],"xiaoyin.l":[[0,[2]],[10,[]],[11,[3]],[17,[1]]],"xiaoyinh":[[8,[]],[11,[146]],[12,[146]],[13,[146]]],"xiaoyunxi":[[8,[]],[11,[2]]],"xiaq":[[9,[]],[11,[7]]],"xidachen":[[0,[2]],[3,[]],[10,[]],[11,[1301]],[12,[1301]],[13,[1301]],[14,[1301]],[15,[1301]],[26,[9]]],"xinan":[[8,[]],[11,[3]]],"xing.xu":[[0,[2]],[9,[]],[11,[128]],[12,[128]],[13,[128]],[23,[1]]],"xinghua.cao":[[0,[2]],[9,[]],[11,[18]],[23,[7]]],"xinghuilu":[[8,[]],[11,[781]],[12,[781]],[13,[781]],[14,[781]]],"xingliu":[[8,[]],[11,[991]],[12,[991]],[13,[991]],[14,[991]]],"xingnan.wang":[[10,[]],[11,[6]]],"xingx":[[10,[]],[11,[13]]],"xinyiji":[[8,[]],[11,[206]],[12,[206]],[13,[206]]],"xinyuoffline":[[8,[]],[11,[2]]],"xiqiruan":[[8,[]],[11,[137]],[12,[137]],[13,[137]]],"xiyuan":[[0,[2]],[3,[]],[4,[]],[8,[]],[11,[1789]],[12,[1789]],[13,[1789]],[14,[1789]],[15,[1789]],[17,[1]]],"xji":[[4,[]],[8,[]],[11,[201]],[12,[201]],[13,[201]]],"xjz":[[7,[1133]],[8,[]],[11,[157]],[12,[157]],[13,[157]]],"xlai":[[10,[]],[11,[203]],[12,[203]],[13,[203]]],"xleng":[[8,[]],[11,[2]]],"xlou":[[9,[]],[11,[21]]],"xqhuang.webkit":[[9,[]],[11,[1]]],"xrenishere":[[9,[]],[11,[7]]],"xrosado":[[10,[]],[11,[8]]],"xtlsheep":[[10,[]],[11,[74]],[12,[74]]],"xtreit":[[9,[]],[11,[1]]],"xuanxi.leng":[[0,[2]],[9,[]],[11,[1]],[32,[1]]],"xuefu.sh":[[8,[]],[11,[1]]],"xuehui.xxh":[[10,[]],[11,[2]]],"xuethan":[[8,[]],[11,[7]]],"xuhong":[[8,[]],[11,[237]],[12,[237]],[13,[237]]],"xun.sun":[[9,[]],[11,[15]]],"xunjieli":[[0,[2]],[10,[]],[11,[623]],[12,[623]],[13,[623]],[14,[623]]],"xunlu":[[8,[]],[11,[10]]],"xunran.ding":[[10,[]],[11,[15]]],"xuri":[[5,[197.44223608796295]],[10,[]],[11,[2]]],"xusydoc":[[10,[]],[11,[13]]],"xutan":[[8,[]],[11,[24]]],"xuzhang4":[[5,[191.33091664351852]],[8,[]],[11,[3]]],"xyzzyz":[[8,[]],[11,[24]]],"xzhang":[[9,[]],[11,[3]]],"xzhou":[[10,[]],[11,[6]]],"xzonghan":[[10,[]],[11,[129]],[12,[129]],[13,[129]]],"xcl":[[5,[0]],[9,[]]],"xi.cao":[[5,[0]],[9,[]]],"xianuowang":[[5,[0]],[9,[]]],"xiaofengx.wang":[[5,[0]],[9,[]]],"xiazhengqiao":[[5,[0]],[9,[]]],"xinggu":[[5,[0]],[9,[]]],"xudong.he":[[5,[0]],[9,[]]],"xueweiz":[[5,[0]],[9,[]]],"xyk":[[5,[0]],[9,[]]],"xaxxon":[[8,[]],[17,[1]]],"xiangyangemail":[[9,[]],[17,[1]]],"xieyun":[[9,[]],[17,[1]]],"xwafish":[[9,[]],[17,[56]],[18,[56]]],"xster":[[8,[]],[26,[1]]],"xilefmai":[[10,[]],[23,[2]]],"xialeiqin":[[10,[]],[38,[1]]],"xiaoxuan.liu":[[5,[0]],[9,[]]],"xin.yuan":[[5,[0]],[9,[]]],"xingri":[[5,[0]],[9,[]]],"xinyi.he":[[5,[0]],[9,[]]],"xinyu.fang":[[5,[0]],[9,[]]],"xalep":[[8,[]],[32,[14]]],"xdecoret":[[8,[]],[32,[1]]],"xz4215":[[9,[]],[32,[8]]],"xiaoxia_yu":[[5,[0]],[9,[]]],"xiwenli":[[5,[0]],[9,[]]],"xazax":[[10,[]],[41,[23]]],"xazax.hun":[[8,[]],[41,[213]],[42,[213]],[43,[213]]],"xbjfk.github":[[9,[]],[41,[4]]],"xdeme":[[8,[]],[41,[7]]],"xdqi":[[5,[224.61876652777778]],[9,[]],[41,[1]]],"xedin":[[5,[112.21841930555556]],[8,[]],[41,[1]]],"xen0n":[[10,[]],[41,[2]]],"xerxes":[[4,[]],[8,[]],[41,[16]]],"xgupta":[[10,[]],[41,[2]]],"xiagli":[[10,[]],[41,[1]]],"xiang.zhang":[[9,[]],[41,[1]]],"xiang1.zhang":[[9,[]],[41,[86]],[42,[86]]],"xiangling.liao":[[10,[]],[41,[39]],[42,[39]]],"xiangxdh":[[10,[]],[41,[8]]],"xiaofei.wan":[[9,[]],[41,[4]]],"xiaohui1.xu":[[5,[146.61523643518518]],[9,[]],[41,[1]]],"xiaoleis":[[8,[]],[41,[3]]],"xiaoleis-nv":[[10,[]],[41,[5]]],"xiaoqing_wu":[[9,[]],[41,[1]]],"xiaoranxu.nju":[[5,[114.98787532407407]],[10,[]],[41,[1]]],"xiaoxiang":[[8,[]],[41,[4]]],"xilin.bai":[[5,[57.27477347222222]],[8,[]],[41,[1]]],"xin1.wang":[[10,[]],[41,[1]]],"xin10.wang":[[10,[]],[41,[36]],[42,[36]]],"xinan.jxn":[[8,[]],[41,[1]]],"xinglong.liao":[[9,[]],[41,[1]]],"xingxue":[[10,[]],[41,[71]],[42,[71]]],"xingxue-ibm":[[10,[]],[41,[4]]],"xinhaoyuan":[[8,[]],[41,[1]]],"xinlong-wu":[[5,[281.75218087962963]],[8,[]],[41,[1]]],"xinwang10":[[9,[]],[41,[33]],[42,[33]]],"xinxinw":[[8,[]],[41,[5]]],"xiulipan":[[10,[]],[41,[15]]],"xlauko":[[5,[163.34806050925926]],[8,[]],[41,[9]]],"xldenis":[[10,[]],[41,[2]]],"xndchn":[[9,[]],[41,[6]]],"xortoast":[[8,[]],[41,[1]]],"xpy66swsry":[[5,[72.40245865740741]],[10,[]],[41,[3]]],"xrxr":[[5,[188.1761160648148]],[9,[]],[41,[1]]],"xry111":[[10,[]],[41,[17]]],"xtex":[[5,[50.33390541666667]],[8,[]],[41,[2]]],"xtkoba":[[10,[]],[41,[1]]],"xuanzh-meta":[[5,[299.9841484722222]],[9,[]],[41,[3]]],"xufan":[[10,[]],[41,[3]]],"xumingjie.enna1":[[9,[]],[41,[59]],[42,[59]]],"xumingjie1995":[[10,[]],[41,[2]]],"xun":[[10,[]],[41,[37]],[42,[37]]],"xunli":[[5,[113.55909060185185]],[9,[]],[41,[1]]],"xur":[[8,[]],[41,[206]],[42,[206]],[43,[206]]],"xur-llvm":[[5,[251.9639748611111]],[10,[]],[41,[3]]],"xusheng":[[5,[191.08424106481482]],[9,[]],[41,[1]]],"xuzhongxing":[[3,[]],[4,[]],[10,[]],[41,[850]],[42,[850]],[43,[850]]],"xxs_chy":[[9,[]],[41,[34]],[42,[34]]],"xademax":[[5,[0]],[9,[]]],"xfq":[[5,[0]],[9,[]]],"xfq.free":[[5,[0]],[9,[]]],"xiaochengh.work":[[5,[0]],[9,[]]],"xiaojunx.a.wu":[[5,[0]],[9,[]]],"xiaowan.lu326":[[5,[0]],[9,[]]],"xiaoyux.zhang":[[5,[0]],[9,[]]],"xibodoh":[[5,[0]],[9,[]]],"xinx.liu":[[5,[0]],[9,[]]],"xiuqix.jiang":[[5,[0]],[9,[]]],"xix.a.chen":[[5,[0]],[9,[]]],"xjconlyme":[[5,[0]],[9,[]]],"xx1011":[[5,[0]],[9,[]]],"x00000000":[[5,[0]],[9,[]]],"xanewok":[[5,[0]],[9,[]]],"xavier114fch":[[5,[0]],[9,[]]],"xcyu.se":[[5,[0]],[9,[]]],"xel1045":[[5,[0]],[9,[]]],"xeonchen":[[5,[0]],[9,[]]],"xfergusi":[[5,[0]],[9,[]]],"xfftlfanx":[[5,[0]],[9,[]]],"xfsunoles":[[5,[0]],[9,[]]],"xftroxgpx":[[5,[0]],[9,[]]],"xhaker":[[5,[0]],[9,[]]],"xiangh4":[[5,[0]],[9,[]]],"xidorn+moz":[[5,[0]],[9,[]]],"xj8z":[[5,[0]],[9,[]]],"xkhorasan":[[5,[0]],[9,[]]],"xlog.null":[[5,[0]],[9,[]]],"xojoc":[[5,[0]],[9,[]]],"xorprimer":[[5,[0]],[9,[]]],"xph9753":[[5,[0]],[9,[]]],"xpresskaran98":[[5,[0]],[9,[]]],"xsoh.k7":[[5,[0]],[9,[]]],"xtbpvexf":[[5,[0]],[9,[]]],"xtc4uall":[[5,[0]],[9,[]]],"xudifsd":[[5,[0]],[9,[]]],"xuxuanqi13":[[5,[0]],[9,[]]],"xxaligatorxx":[[5,[0]],[9,[]]],"xxxyel":[[5,[0]],[9,[]]],"xyuan":[[5,[0]],[9,[]]],"xan.lopez":[[5,[0]],[9,[]]],"xavier.claessens":[[5,[0]],[9,[]]],"xbwang":[[5,[0]],[9,[]]],"xcastanho":[[5,[0]],[9,[]]],"xiaobo.wang":[[5,[0]],[9,[]]],"xiaobwang":[[5,[0]],[9,[]]],"xinchao.he":[[5,[0]],[9,[]]],"xlopez":[[5,[0]],[9,[]]],"xnasser":[[5,[0]],[9,[]]],"xren":[[5,[0]],[9,[]]],"xuewen.wang":[[5,[0]],[9,[]]],"x.miere":[[5,[0]],[9,[]]],"xackus":[[5,[0]],[9,[]]],"xavier.cooney03":[[5,[0]],[9,[]]],"xavier.defrang":[[5,[0]],[9,[]]],"xeons":[[5,[0]],[9,[]]],"xexxa":[[5,[0]],[9,[]]],"xiaonuofu":[[5,[0]],[9,[]]],"xmilorz":[[5,[0]],[9,[]]],"xnacly":[[5,[0]],[9,[]]],"xnagytibor":[[5,[0]],[9,[]]],"xnooga":[[5,[0]],[9,[]]],