{"z":[[9,[]],[11,[1]]],"zach.geek":[[8,[]],[11,[1]]],"zachconrad":[[10,[]],[11,[1]]],"zachr":[[0,[2]],[10,[]],[11,[4]],[26,[26]],[27,[26]]],"zack":[[4,[]],[9,[]],[11,[108]],[12,[108]],[13,[108]]],"zackhan":[[10,[]],[11,[119]],[12,[119]],[13,[119]]],"zacpartridge":[[9,[]],[11,[91]],[12,[91]]],"zafzal":[[10,[]],[11,[161]],[12,[161]],[13,[161]]],"zagryadskiy":[[8,[]],[11,[1]]],"zakerinasab":[[3,[]],[10,[]],[11,[225]],[12,[225]],[13,[225]]],"zalmashni":[[9,[]],[11,[292]],[12,[292]],[13,[292]]],"zandershah":[[8,[]],[11,[14]]],"zandobersek":[[3,[]],[8,[]],[11,[664]],[12,[664]],[13,[664]],[14,[664]]],"zard17":[[9,[]],[11,[1]]],"zarvai":[[8,[]],[11,[32]],[12,[32]]],"zarvox":[[0,[3]],[8,[]],[11,[3]],[29,[1]],[41,[2]]],"zatrudo":[[8,[]],[11,[78]],[12,[78]]],"zauri":[[8,[]],[11,[86]],[12,[86]]],"zbbjornson":[[8,[]],[11,[1]]],"zbikowski":[[10,[]],[11,[96]],[12,[96]]],"zbowling":[[9,[]],[11,[3]]],"zcbenz":[[0,[2]],[9,[]],[11,[18]],[17,[8]]],"zckevinzc":[[0,[2]],[9,[]],[11,[1]],[17,[2]]],"zea":[[4,[]],[8,[]],[11,[703]],[12,[703]],[13,[703]],[14,[703]]],"zecke":[[4,[]],[9,[]],[11,[383]],[12,[383]],[13,[383]]],"zeeshanq":[[8,[]],[11,[55]],[12,[55]]],"zekunjiang":[[5,[328.9297479861111]],[8,[]],[11,[50]],[12,[50]]],"zelidrag":[[4,[]],[8,[]],[11,[517]],[12,[517]],[13,[517]],[14,[517]]],"zelin":[[8,[]],[11,[171]],[12,[171]],[13,[171]]],"zengmcong":[[9,[]],[11,[1]]],"zengqiang1":[[10,[]],[11,[3]]],"zengster":[[10,[]],[11,[13]]],"zeno.albisser":[[4,[]],[9,[]],[11,[106]],[12,[106]],[13,[106]]],"zentaro":[[0,[2]],[8,[]],[11,[283]],[12,[283]],[13,[283]],[17,[1]]],"zenye":[[10,[]],[11,[37]],[12,[37]]],"zequanwu":[[0,[5]],[1,[5]],[3,[]],[8,[]],[11,[85]],[12,[85]],[17,[7]],[29,[3]],[35,[1]],[41,[310]],[42,[310]],[43,[310]]],"zerny":[[9,[]],[11,[155]],[12,[155]],[13,[155]]],"zetamoo":[[9,[]],[11,[60]],[12,[60]]],"zetilovn":[[0,[2]],[9,[]],[11,[1]],[32,[4]]],"zeuthen":[[0,[2]],[8,[]],[11,[14]],[38,[1]]],"zfiona":[[5,[260.7744586574074]],[10,[]],[11,[12]]],"zforman":[[0,[2]],[10,[]],[11,[6]],[38,[1]]],"zgroza":[[5,[252.91657671296295]],[9,[]],[11,[28]],[12,[28]]],"zhajiang":[[8,[]],[11,[49]],[12,[49]]],"zhanggeorge":[[8,[]],[11,[9]]],"zhanghao.m":[[10,[]],[11,[1]]],"zhanghaoxuan.59":[[10,[]],[11,[1]]],"zhanglixia-hf":[[9,[]],[11,[1]]],"zhangtiff":[[8,[]]],"zhangwenyu":[[10,[]],[11,[311]],[12,[311]],[13,[311]]],"zhaobin":[[8,[]],[11,[131]],[12,[131]],[13,[131]]],"zhaodani":[[5,[244.10796560185184]],[9,[]],[11,[1]]],"zhaojiazhong-hf":[[0,[5]],[1,[5]],[8,[]],[11,[4]],[17,[286]],[18,[286]],[19,[286]],[23,[1]],[29,[1]],[38,[1]]],"zhaojing7":[[9,[]],[11,[1]]],"zhaoliang.ma":[[0,[2]],[10,[]],[11,[92]],[12,[92]],[32,[16]]],"zhaoming.jiang":[[0,[3]],[9,[]],[11,[22]],[23,[112]],[24,[112]],[25,[112]],[26,[2]]],"zhaon":[[9,[]],[11,[2]]],"zhaoqin":[[0,[2]],[4,[]],[10,[]],[11,[465]],[12,[465]],[13,[465]],[41,[21]]],"zhaoy":[[5,[224.3175720949074]],[10,[]],[11,[6]]],"zhaoyangli":[[8,[]],[11,[428]],[12,[428]],[13,[428]]],"zhaoz":[[9,[]],[11,[1]]],"zhaoze.zhou":[[9,[]],[11,[33]],[12,[33]]],"zhchbin":[[10,[]],[11,[41]],[12,[41]]],"zheda.chen":[[10,[]],[11,[17]]],"zhelfins":[[8,[]],[11,[52]],[12,[52]]],"zheliooo":[[8,[]],[11,[195]],[12,[195]],[13,[195]]],"zhengchuangscu":[[10,[]],[11,[2]]],"zhenghao":[[4,[]],[10,[]],[11,[12]]],"zhengkli":[[8,[]],[11,[1]]],"zhenguow":[[8,[]],[11,[3]]],"zhengw":[[10,[]],[11,[2]]],"zhengxiong":[[8,[]],[11,[9]]],"zhengyixu":[[9,[]],[11,[4]]],"zhenw":[[0,[3]],[10,[]],[11,[197]],[12,[197]],[13,[197]],[38,[1]],[41,[1]]],"zhenyu.liang":[[10,[]],[11,[7]]],"zhenyu.shan":[[0,[2]],[9,[]],[11,[3]],[26,[1]]],"zheqi":[[8,[]],[11,[27]],[12,[27]]],"zherczeg":[[4,[]],[8,[]],[11,[113]],[12,[113]],[13,[113]]],"zherczeg.u-szeged":[[8,[]],[11,[6]]],"zhexi.yjy":[[10,[]],[11,[4]]],"zhibo1.wang":[[10,[]],[11,[42]],[12,[42]]],"zhihuang":[[0,[2]],[8,[]],[11,[16]],[32,[133]],[33,[133]],[34,[133]]],"zhihuixie":[[8,[]],[11,[1]]],"zhin":[[0,[3]],[10,[]],[11,[13]],[17,[1300]],[18,[1300]],[19,[1300]],[41,[4]]],"zhishun.zhou":[[10,[]],[11,[9]]],"zhitingzhu":[[8,[]],[11,[1]]],"zhiyuancai":[[8,[]],[11,[293]],[12,[293]],[13,[293]]],"zhiyuans":[[8,[]],[11,[188]],[12,[188]],[13,[188]]],"zhiyuanye":[[10,[]],[11,[1]]],"zhizhouy":[[0,[3]],[10,[]],[11,[1]],[26,[1]],[41,[1]]],"zhj8407":[[9,[]],[11,[1]]],"zhongyi":[[8,[]],[11,[400]],[12,[400]],[13,[400]]],"zhoujun":[[10,[]],[11,[4]]],"zhoupeng.1996":[[10,[]],[11,[42]],[12,[42]]],"zhouting":[[10,[]],[11,[1]]],"zhouyujiang.zyj":[[5,[353.4608938773148]],[10,[]],[11,[1]]],"zhouzj":[[5,[213.00650730324074]],[10,[]],[11,[26]],[12,[26]]],"zhteoh":[[10,[]],[11,[12]]],"zhuangxu":[[0,[2]],[9,[]],[11,[2]],[23,[1]]],"zhumatthew":[[8,[]],[11,[114]],[12,[114]],[13,[114]]],"zhuohao":[[9,[]],[11,[2]]],"zhuowang":[[10,[]],[11,[3]]],"zhuoyu.qian":[[10,[]],[11,[306]],[12,[306]],[13,[306]]],"zhuoyuqian":[[9,[]],[11,[33]],[12,[33]]],"zhurunz":[[4,[]],[8,[]],[11,[22]]],"zhushaotang":[[10,[]],[11,[2]]],"zhusida":[[0,[3]],[8,[]],[11,[162]],[12,[162]],[13,[162]],[23,[2]],[26,[3]]],"zhzhliu":[[8,[]],[11,[24]]],"ziadh":[[4,[]],[9,[]],[11,[24]]],"ziadyoussef":[[9,[]],[11,[42]],[12,[42]]],"ziegltrum":[[9,[]],[11,[175]],[12,[175]],[13,[175]]],"ziegs":[[10,[]],[11,[2]]],"zienag":[[0,[2]],[10,[]],[11,[1]],[38,[4]]],"zifanzhang":[[5,[27.824481840277777]],[8,[]],[11,[6]]],"zihanchen":[[9,[]],[11,[3]]],"zijiang":[[9,[]],[11,[1]]],"zijiehe":[[0,[3]],[8,[]],[11,[589]],[12,[589]],[13,[589]],[14,[589]],[29,[1]],[32,[131]],[33,[131]],[34,[131]]],"zimmermann":[[3,[]],[4,[]],[9,[]],[11,[1037]],[12,[1037]],[13,[1037]],[14,[1037]],[15,[1037]]],"zino":[[0,[2]],[10,[]],[11,[54]],[12,[54]],[23,[1]]],"zinovy.nis":[[0,[2]],[10,[]],[11,[1]],[41,[54]],[42,[54]]],"ziran.sun":[[8,[]],[11,[46]],[12,[46]]],"ziwlin":[[5,[224.05175037037037]],[9,[]],[11,[1]]],"ziyangch":[[8,[]],[11,[59]],[12,[59]]],"zkbaum":[[9,[]],[11,[3]]],"zmin":[[0,[2]],[10,[]],[11,[945]],[12,[945]],[13,[945]],[14,[945]],[29,[1]]],"zmo":[[0,[4]],[1,[4]],[4,[]],[8,[]],[11,[2365]],[12,[2365]],[13,[2365]],[14,[2365]],[15,[2365]],[16,[2365]],[23,[5]],[26,[3]]],"znado":[[9,[]],[11,[1]]],"zoeclifford":[[8,[]],[11,[10]]],"zoeyli":[[10,[]],[11,[2]]],"zokutyou2":[[10,[]],[11,[5]]],"zoltan":[[4,[]],[8,[]],[11,[254]],[12,[254]],[13,[254]]],"zoltan.kuscsik":[[8,[]],[11,[3]]],"zoraiznaeem":[[8,[]],[11,[314]],[12,[314]],[13,[314]]],"zori":[[8,[]],[11,[4]]],"zork":[[4,[]],[8,[]],[11,[533]],[12,[533]],[13,[533]],[14,[533]]],"zpeng":[[0,[2]],[10,[]],[11,[94]],[12,[94]],[38,[1]]],"zqiu":[[8,[]],[11,[45]],[12,[45]]],"zqzhang":[[9,[]],[11,[268]],[12,[268]],[13,[268]]],"zsalata":[[8,[]],[11,[36]],[12,[36]]],"zsborbely.u-szeged":[[9,[]],[11,[6]]],"zstein":[[0,[2]],[8,[]],[11,[10]],[32,[49]],[33,[49]]],"zsun":[[8,[]],[11,[3]]],"ztesfai":[[10,[]],[11,[6]]],"zturner":[[0,[2]],[3,[]],[7,[1492]],[8,[]],[11,[70]],[12,[70]],[41,[2143]],[42,[2143]],[43,[2143]]],"zty":[[8,[]],[11,[19]]],"zuan":[[8,[]],[11,[99]],[12,[99]]],"zubeil":[[8,[]],[11,[10]]],"zuckjet":[[9,[]],[11,[1]]],"zufeng":[[10,[]],[11,[117]],[12,[117]],[13,[117]]],"zuoaoyuan":[[10,[]],[11,[55]],[12,[55]]],"zuojinglong":[[10,[]],[11,[3]]],"zverre":[[9,[]],[11,[6]]],"zvoit":[[9,[]],[11,[12]]],"zvorygin":[[4,[]],[9,[]],[11,[173]],[12,[173]],[13,[173]]],"zwarneke":[[8,[]],[11,[2]]],"zwenhan":[[9,[]],[11,[10]]],"zwisler":[[8,[]],[11,[5]]],"zx6658":[[8,[]],[11,[1]]],"zxdan":[[8,[]],[11,[383]],[12,[383]],[13,[383]]],"zxiong":[[10,[]],[11,[2]]],"zxliang":[[8,[]],[11,[7]]],"zxu":[[10,[]],[11,[1]]],"zyaozhujun":[[10,[]],[11,[4]]],"zynis":[[10,[]],[11,[37]],[12,[37]]],"zysxqn":[[8,[]],[11,[22]]],"zyta":[[8,[]],[11,[6]]],"zzyiwei":[[0,[3]],[10,[]],[11,[1]],[26,[2]],[35,[5]]],"zactu":[[5,[0]],[9,[]]],"zbehan":[[5,[0]],[9,[]]],"zhangwen6":[[5,[0]],[9,[]]],"zhengda":[[5,[0]],[9,[]]],"zhixing.ma":[[5,[0]],[9,[]]],"zhouhaikun5":[[5,[0]],[9,[]]],"zhouruihai":[[5,[0]],[9,[]]],"zhuo-hao.lee":[[5,[0]],[9,[]]],"zitingshen":[[5,[0]],[9,[]]],"zland":[[5,[0]],[9,[]]],"zong.li":[[5,[0]],[9,[]]],"zsm":[[5,[0]],[9,[]]],"zyao.zhou":[[5,[0]],[9,[]]],"zyc":[[5,[0]],[9,[]]],"zcankara":[[9,[]],[17,[62]],[18,[62]]],